Rank,Player,MMR,Peak MMR,Win Rate,W - L(Last 10),Gain/Loss (Last 10),Events Played,Largest Gain,Largest Loss
1,peze,10537,10537,76.3%,8 - 2,+943,38,+241,-220
2,retozaemon,10066,10066,59.5%,6 - 4,+406,153,+221,-289
3,Monar,9838,11120,61.6%,4 - 6,-568,99,+188,-308
4,Kay,9490,9947,62.2%,3 - 7,-479,45,+199,-309
5,AK,9410,9763,58.8%,7 - 3,+97,68,+296,-303
6,chappi,9408,10253,54.2%,3 - 7,-595,299,+256,-286
7,K4I,9333,9740,65.7%,6 - 4,+136,102,+284,-407
8,starxlx,9322,9613,63.1%,7 - 3,+91,122,+199,-329
9,Pyrax,9320,9806,54.8%,6 - 4,+518,263,+231,-270
10,moa,9309,10543,55.6%,8 - 2,+579,234,+210,-285
11,Limit,9286,10114,54.5%,3 - 7,-806,222,+256,-317
12,robel,9252,10182,60.4%,7 - 3,+127,154,+259,-289
13,Yuya,9178,10078,54.0%,3 - 3,-53,339,+301,-381
14,KF25,9114,9640,56.7%,3 - 7,-231,171,+239,-329
15,Xander,9111,10308,63.5%,2 - 8,-897,63,+234,-273
16,Cherry,9018,9018,61.5%,6 - 4,+235,169,+196,-248
17,purple (JPN),9010,9010,63.3%,8 - 2,+477,98,+212,-229
18,Shogun,8981,9044,58.2%,6 - 4,+368,79,+235,-288
19,Leil,8975,9037,54.2%,6 - 4,-14,120,+273,-252
20,Zebe,8971,9654,58.1%,5 - 5,-162,167,+240,-267
21,Syumai,8930,9941,56.5%,6 - 4,-10,414,+240,-337
22,Latent,8814,8855,60.5%,6 - 4,+516,129,+251,-401
23,Power,8675,8675,75.0%,8 - 2,+800,20,+207,-227
24,Tynan,8594,8594,52.9%,9 - 1,+973,136,+241,-309
25,Kusaan,8556,9131,56.3%,3 - 7,-276,103,+234,-344
26,Mike (USA),8526,8526,52.9%,7 - 3,+609,297,+308,-304
27,duel,8457,9486,55.7%,5 - 5,-595,183,+228,-297
28,NARUTO (NLs),8406,10259,54.7%,6 - 4,+219,289,+293,-317
29,Tsubasa,8406,9190,60.0%,6 - 4,+79,260,+179,-304
30,Roberto (USA),8384,8384,70.6%,10 - 0,+1053,17,+257,-162
31,Sakura,8358,8358,61.0%,7 - 3,+524,77,+221,-235
32,Veronica,8275,8716,58.7%,3 - 7,-281,109,+214,-244
33,asu,8241,9255,57.8%,4 - 6,-395,102,+207,-215
34,Athaway,8224,8224,56.0%,6 - 4,+489,25,+279,-193
35,Swift,8208,8521,56.1%,5 - 5,+163,41,+227,-213
36,zdemon,8113,8425,54.2%,7 - 3,+416,48,+255,-252
37,Sebas,8099,8159,59.3%,7 - 3,+556,123,+258,-216
38,shiki,8077,8077,72.4%,5 - 5,+415,29,+213,-181
39,Devoty,8064,8064,56.9%,8 - 2,+350,239,+293,-244
40,Ginnan,8046,8847,55.6%,5 - 5,-533,171,+243,-381
41,Strike,8032,8467,52.3%,6 - 4,+395,88,+273,-269
42,Roze,8006,8894,52.7%,5 - 5,+29,131,+272,-321
43,Train,7996,7996,56.3%,7 - 3,+768,16,+212,-173
44,Midwinter,7979,8347,60.2%,4 - 6,-124,123,+301,-206
45,James (UK),7936,8160,54.8%,7 - 3,+264,347,+280,-354
46,Nitroco,7915,7915,56.7%,8 - 2,+859,104,+263,-209
47,Toa,7817,8576,52.0%,4 - 3,+255,354,+317,-337
48,Chibi,7809,8336,50.8%,4 - 6,-101,65,+223,-282
49,Maxim,7788,7788,51.5%,8 - 2,+776,338,+256,-345
50,Daichi,7777,7966,58.1%,6 - 4,-12,105,+387,-247
51,Nana,7752,8642,56.2%,5 - 5,-457,153,+255,-337
52,Slater,7751,8080,47.6%,6 - 4,+246,84,+221,-282
53,Huayra,7735,7735,79.3%,10 - 0,+1499,29,+281,-140
54,Ner,7727,7780,71.4%,5 - 2,+227,7,+141,-88
55,zinc,7725,7816,53.3%,7 - 3,+429,15,+224,-130
56,Ruri,7721,8323,56.1%,5 - 5,-159,107,+263,-314
57,Valer,7704,8823,56.9%,2 - 8,-590,123,+236,-263
58,Cygnus,7639,7764,66.7%,6 - 4,+569,24,+287,-221
59,mafu,7594,7767,64.5%,6 - 4,+342,31,+209,-230
60,despair,7587,8328,57.4%,4 - 6,-19,265,+276,-330
61,Axel (JPN),7560,N/A,100.0%,1 - 0,+60,1,+60,-
62,Joebo,7555,9168,54.2%,3 - 7,-646,251,+210,-371
63,Tricky,7530,7673,53.4%,5 - 5,+31,58,+268,-197
64,Roks,7489,7985,55.9%,6 - 4,+1,93,+235,-255
65,Manatsu,7488,7749,64.4%,6 - 4,+115,59,+257,-253
66,Bryce,7486,8258,52.9%,4 - 6,-748,51,+224,-330
67,Ace Tman,7435,9450,54.9%,5 - 5,-311,182,+268,-401
68,Lemon,7422,7467,50.3%,7 - 3,+641,185,+253,-260
69,Yoru,7421,8210,50.9%,3 - 7,-351,116,+313,-308
70,Meldy,7415,N/A,33.3%,1 - 2,-85,3,+191,-151
71,Ryan's,7415,8912,53.6%,6 - 4,-22,168,+228,-320
72,HitsujiOmochi,7410,7545,62.9%,7 - 3,+370,35,+221,-261
73,Nato,7406,7406,33.3%,2 - 4,-94,6,+171,-130
74,Nazu,7386,7936,54.3%,8 - 2,+266,127,+271,-286
75,Hotate,7373,7373,60.0%,3 - 2,-127,5,+80,-158
76,Maucha,7351,N/A,33.3%,1 - 2,-149,3,+158,-191
77,WaMi,7343,7466,50.9%,9 - 1,+1042,171,+258,-262
78,Peka,7329,8612,52.1%,4 - 6,-171,280,+270,-285
79,Ro',7311,7726,57.0%,4 - 6,-358,128,+265,-328
80,dark (FR),7299,N/A,0.0%,0 - 3,-201,3,-,-168
81,Beast (WF),7250,7660,48.8%,3 - 7,-300,86,+240,-214
82,Pikky,7245,7437,53.6%,6 - 4,+344,263,+387,-263
83,Roberto (RK),7220,7865,61.7%,4 - 6,-274,47,+259,-283
84,up,7212,7660,44.4%,4 - 5,-338,9,+186,-197
85,Dayem,7194,8031,53.5%,7 - 3,+611,155,+236,-286
86,Tyler,7174,N/A,33.3%,1 - 2,-376,3,+27,-209
87,Ryotchi,7152,8198,74.1%,6 - 4,+249,374,+283,-319
88,Dragon,7126,8465,53.2%,2 - 8,-904,111,+276,-224
89,Julian,7124,7124,63.2%,6 - 4,+517,57,+258,-264
90,Leo,7105,7105,69.6%,7 - 3,+356,23,+167,-203
91,Thomas,7093,7093,73.3%,8 - 2,+756,15,+279,-204
92,Jax,7062,8519,52.3%,5 - 5,-154,88,+252,-247
93,Jon,7039,7077,63.6%,6 - 4,+221,33,+237,-172
94,Cynda,7024,9612,52.5%,4 - 6,-281,337,+243,-320
95,Z10N,7015,7226,58.2%,4 - 6,+13,55,+237,-215
96,Joe (UK),7002,7002,54.7%,8 - 2,+752,53,+241,-231
97,Pyrus,6995,7512,45.2%,5 - 5,-89,31,+216,-201
98,Royal,6986,9000,51.7%,4 - 6,-411,145,+265,-330
99,Inori,6980,7397,61.4%,4 - 6,+89,44,+309,-190
100,Zakky,6947,7214,52.9%,7 - 3,+455,280,+277,-298
101,chi,6914,8346,47.4%,5 - 5,+182,310,+288,-271
102,Kirino,6902,6902,60.5%,6 - 4,+416,129,+260,-261
103,Fufu,6896,7282,50.0%,6 - 4,+390,62,+229,-242
104,yuyuyu,6891,N/A,50.0%,2 - 2,-39,4,+186,-187
105,ur,6882,7735,40.0%,4 - 6,-405,20,+158,-222
106,Sui,6865,7173,50.0%,6 - 3,+474,322,+296,-257
107,Play,6852,7083,53.1%,5 - 5,-192,49,+197,-256
108,Lanfi,6824,7517,51.7%,5 - 5,+128,58,+219,-258
109,zeto,6814,6969,75.0%,6 - 4,-104,16,+179,-155
110,Sora,6813,6926,52.4%,8 - 2,+927,84,+224,-225
111,Lia,6808,7117,68.8%,6 - 4,+234,16,+233,-203
112,neo,6759,7627,44.2%,2 - 8,-365,52,+278,-223
113,Roby,6742,7240,57.4%,6 - 4,-49,54,+267,-238
114,goliber,6713,6832,57.1%,4 - 3,+463,7,+176,-119
115,Muru,6707,6743,63.6%,6 - 4,+356,11,+225,-99
116,Melt,6679,7048,52.2%,5 - 5,+132,113,+310,-224
117,Rookie,6658,8163,50.9%,3 - 7,-652,112,+238,-254
118,Futsukin,6655,6733,47.4%,6 - 4,+443,19,+317,-185
119,Yuchi,6647,7084,50.0%,5 - 5,-167,64,+243,-247
120,Is,6645,6742,53.3%,5 - 5,+96,45,+235,-232
121,Syatyou,6637,6880,58.8%,8 - 2,+533,17,+227,-243
122,bayashi,6580,6580,66.7%,4 - 2,+280,6,+162,-132
123,Druddigon,6568,6568,71.2%,9 - 1,+1134,66,+276,-205
124,Daxx,6540,9343,51.0%,4 - 6,-377,286,+298,-279
125,Nick,6525,7393,56.4%,5 - 5,-55,188,+266,-306
126,Nizer,6490,6700,57.1%,4 - 3,+240,7,+174,-210
127,Linkos,6480,7860,55.4%,5 - 5,-121,65,+270,-256
128,rainan,6475,N/A,100.0%,1 - 0,+225,1,+225,-
129,Tomsu,6471,6743,50.8%,5 - 5,+196,295,+293,-254
130,Sheena,6447,6521,40.7%,5 - 5,+443,27,+218,-189
131,Felix,6421,6967,61.9%,5 - 5,-355,21,+160,-220
132,Maci,6421,7347,51.2%,6 - 4,+540,123,+263,-258
133,Muu,6419,7205,49.7%,4 - 6,+8,185,+289,-314
134,Ax,6409,6568,57.1%,4 - 3,-182,7,+146,-208
135,gajirun,6406,6724,48.5%,6 - 4,+165,103,+240,-272
136,Jamie,6406,6464,58.3%,6 - 4,+23,12,+219,-174
137,Kinako,6396,6588,85.7%,6 - 1,+146,7,+158,-192
138,Sak,6395,6487,68.0%,7 - 3,+591,25,+231,-189
139,Aimai,6389,6669,60.0%,6 - 4,+139,10,+140,-252
140,coil,6387,6387,52.6%,6 - 4,+378,19,+151,-160
141,Loser,6382,6624,54.5%,8 - 2,+845,213,+255,-257
142,Maruku,6377,6878,52.3%,4 - 6,-142,111,+222,-273
143,Miki,6371,6602,62.5%,5 - 5,+147,48,+269,-231
144,Darky,6362,6923,58.5%,7 - 3,+441,130,+237,-304
145,Ruru (prpr),6352,6352,63.8%,4 - 6,+195,47,+267,-244
146,Theo (FR),6339,6413,45.8%,5 - 5,+189,59,+296,-263
147,Spyke,6336,6336,64.3%,8 - 2,+729,70,+260,-244
148,Gasly,6333,7463,49.3%,5 - 5,-312,278,+301,-278
149,Lez,6333,N/A,100.0%,1 - 0,+83,1,+83,-
150,ruby (FIN),6324,8075,33.3%,1 - 9,-938,24,+189,-273
151,Z,6322,6386,50.0%,3 - 3,+72,6,+159,-162
152,Sonia,6314,N/A,25.0%,1 - 3,+64,4,+195,-100
153,Mars,6309,7419,51.2%,6 - 4,-179,375,+284,-277
154,Same,6307,6307,86.7%,8 - 2,+810,15,+231,-90
155,iolight,6295,6295,65.9%,8 - 2,+852,44,+220,-262
156,Raggy,6295,N/A,100.0%,1 - 0,+45,1,+45,-
157,takozo,6282,6577,52.2%,5 - 5,-145,23,+196,-211
158,yoshi,6270,6377,52.2%,7 - 3,+347,23,+237,-208
159,SuperFX,6269,N/A,0.0%,0 - 1,-31,1,-,-31
160,Apple,6259,6516,58.2%,5 - 5,+2,55,+250,-243
161,Sushi (JPN),6244,6410,47.3%,5 - 5,+72,167,+310,-258
162,seal,6239,6490,58.3%,7 - 3,+128,12,+206,-319
163,Nova,6229,N/A,50.0%,2 - 2,-21,4,+151,-149
164,Energy,6223,6647,59.8%,5 - 5,-15,82,+214,-310
165,FalcoX,6218,6697,49.1%,4 - 6,+1,161,+281,-294
166,ta,6215,6709,53.9%,5 - 5,+142,165,+289,-286
167,Melee,6209,7923,56.4%,1 - 9,-963,94,+226,-217
168,syake,6196,6449,61.8%,4 - 6,-253,55,+233,-238
169,Piraton,6180,6273,44.4%,4 - 5,-70,9,+147,-283
170,zilc,6172,6765,50.0%,4 - 6,-219,20,+230,-195
171,kamu,6141,N/A,25.0%,1 - 3,-109,4,+163,-200
172,Sliver,6132,N/A,50.0%,2 - 2,-118,4,+58,-172
173,Ayo,6128,6459,47.9%,5 - 5,+118,142,+267,-285
174,Milotic,6125,7246,56.9%,3 - 7,-416,65,+237,-238
175,Ronan,6112,6547,30.8%,3 - 7,-393,13,+224,-292
176,Mocchi,6091,6091,57.9%,6 - 4,+396,38,+237,-230
177,Ryou Cra,6091,6631,57.8%,7 - 3,+693,199,+283,-254
178,Colvin,6089,N/A,0.0%,0 - 2,-161,2,-,-90
179,Vantox,6064,7949,47.1%,6 - 4,+193,87,+244,-281
180,Xray,6056,6245,53.1%,6 - 4,+358,245,+195,-244
181,Dash,6050,6339,46.2%,5 - 5,-263,13,+130,-170
182,Lezard,6050,6662,50.0%,5 - 5,+50,48,+234,-234
183,Monfi,6050,7865,47.3%,5 - 5,-94,207,+228,-273
184,Millan,6048,6247,33.3%,4 - 6,-24,12,+253,-185
185,Pepito,6025,6759,47.2%,6 - 4,+256,36,+249,-205
186,Hagemu,6005,6655,40.0%,4 - 6,-245,10,+186,-204
187,bo-chan (KOR),6004,8081,49.1%,4 - 6,+17,212,+276,-276
188,Eji,6004,6415,50.0%,3 - 7,-624,14,+242,-272
189,bfsg,5991,6542,52.5%,4 - 6,-285,80,+243,-226
190,Batisuta,5987,6211,53.2%,5 - 5,+95,173,+271,-273
191,Ricke,5985,6645,50.0%,4 - 6,-435,12,+209,-195
192,Mumin,5972,6098,50.5%,4 - 6,+42,99,+284,-195
193,paso,5940,6473,49.3%,6 - 4,+150,67,+235,-229
194,Avo,5939,6188,54.5%,4 - 6,-144,22,+191,-256
195,Nayuta,5922,6758,59.8%,4 - 6,-4,117,+288,-226
196,Zawao,5906,6312,46.7%,4 - 6,-308,15,+115,-198
197,Yassine,5892,6066,33.3%,2 - 4,-358,6,+176,-206
198,juju,5891,N/A,33.3%,1 - 2,-359,3,+51,-222
199,Corazon,5890,6063,45.8%,6 - 4,+181,24,+163,-288
200,Tanaka,5872,5872,59.0%,6 - 4,+327,39,+235,-204
201,seanIRE,5869,6028,52.8%,6 - 4,+232,195,+276,-251
202,Sparks,5868,5874,65.3%,6 - 4,+85,49,+217,-226
203,i29,5852,6821,50.8%,6 - 4,+55,65,+232,-212
204,Mattew,5846,6379,46.2%,5 - 5,-206,13,+160,-187
205,Roto,5844,6384,58.3%,4 - 6,-540,36,+267,-293
206,Lyla,5831,5831,61.4%,7 - 3,+525,57,+262,-166
207,mitsuwo,5829,6240,44.4%,4 - 6,-228,27,+183,-197
208,Jez,5822,7010,51.9%,3 - 7,-781,283,+226,-407
209,zoy,5816,6204,46.2%,5 - 5,-279,13,+159,-238
210,Audi,5792,6425,58.9%,5 - 5,-165,90,+337,-255
211,NVgs,5781,6076,36.4%,4 - 6,-363,11,+168,-165
212,Queen,5776,5776,66.7%,7 - 3,+339,45,+243,-183
213,motti,5773,5947,68.0%,6 - 4,+423,50,+240,-200
214,Lee,5771,5771,88.9%,8 - 1,+1021,9,+172,-41
215,Ayano,5755,6975,43.4%,3 - 7,-402,53,+247,-236
216,Lexus,5753,5753,73.2%,6 - 4,+395,56,+263,-187
217,Mia,5749,6009,63.0%,4 - 6,-112,46,+182,-294
218,Stevens,5747,6981,48.9%,6 - 4,+95,425,+272,-294
219,Chaos,5743,8746,75.0%,9 - 1,+1303,48,+263,-149
220,wataru,5714,5959,37.5%,3 - 5,-586,8,+138,-287
221,hayashi,5706,6297,38.5%,5 - 5,-334,13,+155,-222
222,Citrus,5703,6327,48.3%,5 - 5,-164,29,+215,-255
223,Sofida,5700,6962,52.9%,4 - 6,-236,225,+288,-249
224,kamijo,5687,5687,67.6%,7 - 3,+756,37,+261,-146
225,Flarena,5682,N/A,25.0%,1 - 3,-568,4,+16,-273
226,Be,5679,6019,53.7%,7 - 3,+266,190,+295,-243
227,katsuo,5664,5664,70.2%,7 - 3,+492,57,+286,-210
228,Onim,5662,6265,52.8%,4 - 6,-135,72,+240,-191
229,shee,5653,6825,45.2%,1 - 9,-1039,31,+215,-285
230,Blaze,5649,5649,66.0%,8 - 2,+461,47,+226,-289
231,corenon,5639,6034,43.8%,5 - 5,-199,16,+255,-254
232,FOX,5639,6898,50.0%,2 - 8,-693,66,+204,-272
233,Mitch (NL),5638,6373,50.8%,3 - 7,-359,120,+288,-263
234,Pikmin,5629,5655,58.7%,6 - 4,+337,75,+258,-233
235,Alfie,5625,5836,51.2%,5 - 5,-138,205,+260,-292
236,Sgt,5623,7050,32.2%,1 - 9,-713,59,+267,-207
237,Gumer,5605,5605,20.0%,1 - 4,-645,5,+107,-273
238,Cosmos,5600,5899,64.7%,6 - 4,+53,51,+196,-190
239,Sin,5594,5594,82.5%,10 - 0,+1289,40,+340,-149
240,Aero,5585,6476,48.5%,5 - 5,+33,163,+238,-239
241,Impo,5582,5582,60.6%,7 - 3,+538,109,+277,-273
242,Le'na,5582,5582,28.6%,2 - 5,-718,7,+96,-258
243,Jared,5579,6496,28.6%,2 - 8,-708,14,+144,-217
244,Falso,5575,6134,57.5%,5 - 5,-230,80,+218,-243
245,Niya,5575,5575,53.4%,6 - 4,+140,133,+236,-254
246,Ethan,5561,6675,45.2%,2 - 8,-891,42,+236,-265
247,Meme,5555,6146,56.3%,5 - 5,-179,71,+281,-267
248,nii,5544,5544,64.9%,9 - 1,+902,74,+220,-283
249,thomeap,5533,5727,28.6%,2 - 5,-717,7,+97,-225
250,Toya,5530,5530,80.0%,7 - 3,+499,45,+239,-182
251,G3,5529,6705,49.7%,3 - 7,-369,145,+284,-241
252,Brandon,5526,6658,45.0%,1 - 9,-808,60,+236,-285
253,Angel (ESP),5513,6862,48.0%,2 - 8,-570,102,+238,-290
254,Gucci,5510,5510,65.2%,9 - 1,+1155,46,+251,-208
255,Zhe,5506,5535,81.8%,8 - 2,+942,22,+247,-88
256,Sebi,5502,6885,45.8%,5 - 5,-112,83,+255,-233
257,rikopin,5500,5500,94.4%,9 - 1,+919,18,+294,-74
258,Teeples,5489,6994,51.0%,4 - 6,-376,104,+271,-291
259,Espurr,5487,5808,41.9%,6 - 4,+189,31,+250,-371
260,Lunar,5487,6226,36.4%,4 - 6,-238,22,+169,-185
261,joel (xi),5481,6000,33.3%,3 - 6,-819,9,+107,-255
262,Theta_k,5481,5689,61.9%,7 - 3,+538,21,+220,-131
263,Crowe (USA),5453,6866,51.1%,5 - 5,-282,45,+236,-210
264,3-UP,5436,5436,63.2%,7 - 3,+461,19,+162,-109
265,Flowx,5427,6732,50.0%,4 - 6,-373,18,+180,-216
266,Asuna (FR),5426,6329,36.4%,4 - 6,-259,22,+167,-176
267,Svely,5421,5676,52.0%,4 - 6,-89,25,+249,-147
268,Kimo,5415,5465,72.2%,7 - 3,+243,18,+174,-153
269,Origin,5408,5777,23.5%,4 - 6,-38,17,+268,-203
270,ggggg,5399,5611,60.0%,7 - 3,+281,20,+151,-190
271,iaru,5389,6133,12.5%,1 - 7,-861,8,+81,-198
272,Starlow,5387,5683,56.8%,5 - 5,-227,118,+224,-251
273,Darren,5375,6124,50.0%,4 - 6,-267,126,+236,-225
274,ruru (CoR),5361,6664,50.3%,4 - 6,-156,288,+295,-375
275,Dydy,5356,5728,53.0%,5 - 5,-101,132,+233,-300
276,Matilda,5355,6766,44.9%,2 - 8,-326,138,+313,-217
277,Miguel,5355,5758,60.9%,6 - 4,-237,46,+213,-211
278,Tn,5315,5315,60.0%,6 - 4,+366,20,+175,-174
279,BSH,5310,5310,62.5%,5 - 3,+560,8,+206,-97
280,sawasawa,5309,6555,47.3%,3 - 7,-14,131,+218,-242
281,Nyx,5303,6137,52.5%,1 - 9,-684,99,+238,-224
282,Dew,5285,7389,45.6%,1 - 9,-764,90,+276,-300
283,Manster,5274,5274,56.6%,6 - 4,+873,53,+245,-192
284,Bowen,5249,5653,51.9%,3 - 7,-236,320,+261,-254
285,DUGO,5246,5595,55.8%,6 - 4,+125,52,+237,-188
286,Section,5210,5386,58.8%,6 - 4,+210,17,+225,-180
287,Yu,5168,5168,63.6%,6 - 4,+292,11,+223,-158
288,Pachimon,5163,5242,66.0%,6 - 4,+144,53,+288,-209
289,Den,5158,5158,68.4%,7 - 3,+218,19,+134,-137
290,Juan,5156,N/A,100.0%,3 - 0,+406,3,+154,-
291,Ember,5151,7980,57.6%,3 - 7,-569,224,+307,-314
292,Ness (JPN),5151,6583,47.7%,3 - 7,-938,151,+308,-257
293,Tights,5149,5642,55.6%,5 - 5,-156,54,+219,-288
294,Enel,5147,5429,58.3%,5 - 5,-53,48,+205,-186
295,nero (Ap),5146,5146,48.0%,6 - 4,+535,25,+291,-192
296,Yutanpo,5145,5239,80.0%,4 - 1,+395,5,+189,-94
297,uni (JPN),5136,5566,26.7%,4 - 6,-280,15,+151,-232
298,mkrs,5125,5599,47.9%,2 - 8,-403,190,+282,-302
299,Saru,5121,5996,58.3%,6 - 4,+244,139,+230,-258
300,Miguelowned,5110,5467,60.2%,7 - 3,+207,118,+250,-238
301,Asayumi,5104,5104,74.2%,7 - 3,+505,31,+241,-196
302,Beretta,5091,5968,51.5%,5 - 5,+189,167,+244,-246
303,LsR,5089,5355,55.6%,4 - 6,-32,72,+231,-179
304,taiga,5089,N/A,100.0%,3 - 0,+339,3,+143,-
305,Owen,5082,6102,41.2%,4 - 6,-92,68,+211,-210
306,Squidz,5080,5289,56.8%,3 - 7,+9,37,+220,-192
307,upin,5077,5288,51.6%,8 - 2,+855,31,+233,-247
308,kodai,5075,5075,45.5%,6 - 4,+384,22,+228,-248
309,Erik,5041,5266,52.5%,5 - 5,-50,438,+312,-340
310,Mero,5041,N/A,75.0%,3 - 1,+291,4,+196,-
311,Netkor,5041,5142,51.6%,5 - 5,+247,64,+221,-328
312,Waenot,5030,5160,52.9%,5 - 5,+205,17,+207,-217
313,Resumi,5008,5319,70.0%,7 - 3,+258,10,+233,-310
314,Chrom,5002,5137,76.2%,6 - 4,+416,21,+239,-135
315,Meriken,4987,5361,51.9%,5 - 5,-146,81,+245,-262
316,RubenD,4976,5026,38.9%,4 - 6,+396,18,+225,-186
317,gassa,4968,5674,53.8%,6 - 4,+24,106,+326,-226
318,Indy Wolfy,4968,5230,52.4%,7 - 3,+489,254,+256,-257
319,Hifumi,4966,5190,70.6%,6 - 4,-58,17,+209,-285
320,Marc (CAN),4966,5376,58.3%,5 - 5,+65,36,+160,-196
321,Dynamo,4953,N/A,50.0%,2 - 2,+203,4,+232,-101
322,Chim,4945,5193,54.7%,7 - 3,+311,258,+299,-209
323,Hernan,4943,4991,57.1%,4 - 3,+193,7,+167,-178
324,Rhys,4935,6591,51.5%,3 - 7,-490,196,+287,-244
325,uLmi,4926,5183,63.9%,4 - 6,-38,36,+295,-214
326,Crony,4912,5350,53.2%,3 - 7,-431,154,+264,-228
327,Aplex,4910,5224,42.6%,5 - 5,+483,54,+233,-340
328,maruo,4902,5495,51.7%,7 - 3,+581,120,+299,-244
329,Aaron,4899,N/A,100.0%,1 - 0,+99,1,+99,-
330,Akeno,4880,5031,61.5%,7 - 3,+212,13,+159,-233
331,Collie,4873,N/A,100.0%,1 - 0,+123,1,+123,-
332,Jin,4865,N/A,75.0%,3 - 1,+115,4,+91,-31
333,Fuko,4862,6371,44.6%,4 - 6,-84,112,+250,-285
334,Haupi,4848,5246,45.1%,5 - 5,+138,51,+253,-249
335,Doodle,4833,5104,50.0%,5 - 5,-30,40,+237,-252
336,Acid,4828,4828,50.0%,3 - 3,+28,6,+246,-169
337,toriera,4802,4802,55.6%,5 - 4,+52,9,+125,-148
338,Paul,4798,4798,50.0%,3 - 3,-2,6,+96,-110
339,Ace,4797,5052,55.0%,5 - 5,+11,20,+169,-163
340,Yoan,4795,N/A,33.3%,1 - 2,+45,3,+104,-43
341,Pikumiso,4794,4794,37.5%,3 - 5,+44,8,+235,-251
342,Nicoban,4792,6228,57.2%,1 - 9,-1079,166,+265,-238
343,Yiyo,4785,4965,56.9%,6 - 4,+177,72,+206,-246
344,michael (JPN),4757,N/A,50.0%,1 - 1,+7,2,+75,-68
345,Lums,4750,4750,68.8%,7 - 3,+804,16,+231,-161
346,Erickfree,4747,N/A,0.0%,0 - 1,-53,1,-,-53
347,Default,4746,N/A,50.0%,2 - 2,-54,4,+186,-231
348,minase,4745,N/A,66.7%,2 - 1,-55,3,+61,-127
349,Diego,4741,4814,69.0%,8 - 2,+699,29,+272,-260
350,Sketch,4738,5781,55.1%,6 - 4,+143,69,+285,-229
351,Hiskha,4736,N/A,66.7%,2 - 1,+86,3,+188,-139
352,Donut,4729,4729,50.0%,3 - 3,-21,6,+131,-195
353,Mankalor,4728,N/A,25.0%,1 - 3,-72,4,+81,-135
354,watamin,4715,5808,54.5%,6 - 4,+218,99,+284,-233
355,Neo277,4713,5268,74.2%,6 - 4,-191,31,+182,-246
356,Drake,4712,4712,50.0%,3 - 3,-38,6,+135,-147
357,Rylan,4710,6337,51.1%,3 - 7,-359,689,+279,-289
358,Fra,4706,4706,83.3%,8 - 2,+1209,12,+266,-96
359,Ame,4701,N/A,0.0%,0 - 1,-49,1,-,-49
360,Project,4701,4701,71.4%,5 - 2,+1,7,+145,-356
361,Cris,4696,4696,60.0%,6 - 4,+580,115,+243,-289
362,Sax,4683,5190,46.2%,3 - 7,-453,13,+175,-235
363,Rufa,4674,N/A,50.0%,1 - 1,-76,2,+118,-194
364,Centels,4672,4672,40.0%,2 - 3,-128,5,+135,-137
365,Dragnir,4667,4667,40.0%,2 - 3,-133,5,+123,-206
366,Huglou,4664,4664,33.3%,3 - 6,-136,9,+294,-164
367,Alejandro,4657,4716,58.1%,7 - 3,+314,167,+285,-307
368,JaVinci,4654,N/A,0.0%,0 - 1,-96,1,-,-96
369,Nico,4654,4654,50.9%,6 - 4,+742,381,+285,-261
370,Leroy,4644,4741,50.0%,4 - 4,-156,8,+184,-187
371,StervtL,4639,4639,73.9%,7 - 3,+526,23,+186,-157
372,Roronoa,4635,4635,42.9%,3 - 4,-115,7,+218,-201
373,Aketx,4629,4719,60.3%,6 - 4,+504,63,+237,-192
374,Neykan,4628,4637,64.8%,7 - 3,+712,54,+256,-221
375,Arukay,4626,4893,33.3%,3 - 6,-174,9,+143,-185
376,poruku,4625,5464,40.0%,2 - 8,-638,25,+256,-178
377,V0LuG,4623,N/A,33.3%,1 - 2,-127,3,+30,-155
378,Butter,4621,N/A,50.0%,1 - 1,-129,2,+27,-156
379,Az,4618,4727,50.0%,5 - 5,+230,34,+233,-227
380,Macky,4615,5597,49.1%,4 - 6,-50,55,+258,-222
381,recoom,4614,N/A,0.0%,0 - 1,-136,1,-,-136
382,duck,4610,4787,55.2%,6 - 4,+164,58,+224,-233
383,Attila,4603,N/A,0.0%,0 - 2,-147,2,-,-92
384,Dominika,4599,N/A,0.0%,0 - 1,-201,1,-,-201
385,yurie,4595,N/A,0.0%,0 - 2,-155,2,-,-110
386,Yoshi (WEC),4587,5794,52.0%,3 - 7,-763,221,+233,-251
387,Articuno,4586,4830,54.8%,5 - 5,-209,62,+215,-230
388,chocolate,4584,5012,36.4%,3 - 7,-231,11,+196,-155
389,Cara_mny,4580,N/A,0.0%,0 - 1,-170,1,-,-170
390,Funuke,4573,5755,45.3%,3 - 7,-534,179,+276,-234
391,Chlorine,4572,4590,69.2%,5 - 5,+179,26,+197,-162
392,serio,4570,N/A,50.0%,2 - 2,-180,4,+56,-218
393,saishun,4569,N/A,0.0%,0 - 2,-231,2,-,-150
394,Spear,4569,N/A,25.0%,1 - 3,-231,4,+176,-157
395,hayabusa,4568,4568,78.6%,7 - 3,+750,14,+228,-199
396,Ryan5,4564,5447,54.0%,5 - 5,-365,50,+265,-270
397,Ushio,4563,4952,43.3%,4 - 6,+209,30,+281,-167
398,iasi,4562,N/A,0.0%,0 - 2,-238,2,-,-160
399,Vista,4562,N/A,0.0%,0 - 1,-188,1,-,-188
400,minase (KGR),4555,5211,45.5%,4 - 6,-142,88,+255,-227
401,Ziner,4553,N/A,33.3%,1 - 2,-197,3,+159,-194
402,nulp,4539,4789,59.8%,4 - 6,-144,97,+239,-229
403,Bchan,4537,N/A,50.0%,2 - 2,-263,4,+159,-251
404,Evil,4529,N/A,0.0%,0 - 2,-221,2,-,-195
405,Austin,4526,4612,75.6%,8 - 2,+462,45,+279,-165
406,T-mo,4526,4933,62.2%,5 - 5,-220,37,+266,-198
407,Master,4520,4712,54.7%,6 - 4,+201,243,+224,-264
408,Riera,4518,N/A,0.0%,0 - 1,-232,1,-,-232
409,Shan,4511,5088,33.3%,2 - 8,-577,12,+191,-189
410,Romsu,4505,4896,48.6%,6 - 4,+602,70,+277,-254
411,Phonepup,4502,4962,45.5%,4 - 6,-423,11,+156,-202
412,Maro414,4498,N/A,25.0%,1 - 3,-252,4,+160,-199
413,Boshi,4493,4842,33.3%,3 - 7,-331,12,+92,-161
414,kookuso,4492,4492,53.8%,7 - 3,+343,78,+240,-279
415,Rita,4491,N/A,0.0%,0 - 2,-309,2,-,-263
416,Civil,4487,4647,47.4%,6 - 4,+117,19,+133,-196
417,Biz,4486,4486,83.3%,8 - 2,+953,12,+205,-134
418,.com,4484,4614,53.5%,5 - 5,-48,71,+290,-224
419,Narshen,4484,4484,75.0%,8 - 2,+638,20,+255,-254
420,Mahoringo,4481,4690,53.8%,5 - 5,-303,13,+212,-203
421,kigasu,4479,4621,77.8%,7 - 3,+363,18,+223,-181
422,Purechi,4479,5231,49.0%,3 - 7,-229,408,+293,-289
423,Mincaoba,4476,4476,83.3%,8 - 2,+961,12,+197,-96
424,winter (USA),4475,4721,80.0%,8 - 2,+760,15,+191,-246
425,Sirius,4474,4734,50.0%,4 - 4,-276,8,+168,-235
426,Gemini,4473,5073,47.1%,5 - 5,-141,17,+220,-291
427,Ti_C,4469,4469,0.0%,0 - 5,-281,5,-,-104
428,Porta,4464,N/A,0.0%,0 - 4,-286,4,-,-186
429,kaito,4461,4618,50.0%,5 - 5,-339,10,+175,-209
430,Patafix,4453,5195,52.9%,6 - 4,+530,255,+246,-270
431,Gaku,4445,4445,82.4%,8 - 2,+499,17,+223,-221
432,IFreez,4445,5302,60.6%,3 - 7,-679,94,+269,-224
433,Raven,4444,N/A,0.0%,0 - 3,-306,3,-,-187
434,Rearu,4441,4753,50.0%,4 - 6,-17,56,+253,-212
435,Kyans,4435,4488,56.8%,6 - 4,+372,44,+247,-225
436,7ne,4431,N/A,0.0%,0 - 2,-369,2,-,-195
437,NERO (Ts),4429,4928,48.0%,5 - 5,-95,102,+230,-245
438,Clembec,4415,5612,45.7%,3 - 7,-821,46,+248,-222
439,Leon,4406,5294,50.0%,3 - 7,-425,32,+237,-256
440,Visto,4406,N/A,0.0%,0 - 2,-344,2,-,-240
441,Hamano,4404,4450,57.3%,7 - 3,+269,96,+236,-236
442,Vegan,4404,5250,51.5%,5 - 5,+61,295,+275,-226
443,Joubak,4401,4903,33.3%,3 - 6,-399,9,+267,-233
444,Kappa,4401,6197,51.0%,3 - 7,-642,96,+294,-222
445,Mach's,4397,5843,25.0%,2 - 8,-788,24,+206,-219
446,Gio,4389,6884,55.3%,6 - 4,-172,501,+337,-253
447,Dan (JPN),4387,4466,49.3%,8 - 2,+499,142,+283,-242
448,Toitoi,4387,4706,54.4%,5 - 5,+29,158,+267,-253
449,Walter,4381,5243,47.8%,4 - 6,-336,46,+197,-340
450,Manami,4371,4488,75.0%,8 - 2,+594,20,+244,-191
451,Lisa,4370,4428,55.0%,5 - 5,+36,129,+247,-224
452,Jeff,4363,5020,42.9%,4 - 6,-370,14,+216,-232
453,omariokun,4352,N/A,0.0%,0 - 2,-448,2,-,-225
454,Ma,4346,4919,52.3%,2 - 8,-573,109,+287,-242
455,TK,4344,4388,57.4%,9 - 1,+791,162,+204,-297
456,ToS,4344,5064,43.8%,4 - 6,-567,16,+180,-202
457,Christian,4331,4337,57.4%,7 - 3,+280,68,+220,-245
458,Juls,4328,4688,65.4%,4 - 6,-149,26,+266,-201
459,myt,4322,4637,33.3%,3 - 7,-573,12,+242,-226
460,Suilen,4322,4952,50.5%,2 - 8,-630,93,+261,-315
461,Pass,4320,4476,56.3%,8 - 2,+566,128,+250,-219
462,Veccy,4300,4300,52.2%,8 - 2,+586,383,+307,-311
463,Liday,4298,N/A,0.0%,0 - 3,-452,3,-,-219
464,init,4296,N/A,0.0%,0 - 2,-454,2,-,-262
465,sala,4295,5082,51.2%,4 - 6,+139,283,+256,-251
466,Mer,4293,4293,75.0%,8 - 2,+927,12,+243,-131
467,Sayan,4291,5391,43.8%,4 - 6,-888,32,+204,-273
468,Yuzuki,4289,4906,35.7%,3 - 7,-522,14,+136,-195
469,tia,4286,5503,45.0%,5 - 5,-92,40,+237,-261
470,Nashi,4285,4285,58.3%,5 - 5,+668,12,+232,-116
471,MxArcader,4282,4348,63.8%,5 - 5,+169,58,+218,-226
472,Haniwa,4279,4388,63.2%,7 - 3,+742,38,+235,-211
473,Mitch (USA),4279,4279,53.0%,5 - 5,+457,200,+248,-307
474,lis,4276,N/A,0.0%,0 - 4,-474,4,-,-189
475,BryCodia,4260,5459,52.4%,3 - 7,-995,42,+225,-247
476,Chamu,4260,4260,87.5%,7 - 1,+1010,8,+227,-85
477,Harumichi,4259,5134,48.3%,4 - 6,-137,60,+210,-196
478,Jimmy (JP),4256,4256,100.0%,10 - 0,+1006,10,+166,-
479,Kuzu,4253,5314,51.7%,5 - 5,-151,373,+257,-234
480,Sergio (MEX),4252,4453,58.0%,6 - 4,+238,100,+200,-289
481,Alpha,4245,4563,57.1%,5 - 5,+149,28,+212,-209
482,Rigel,4236,4748,42.3%,4 - 6,-454,26,+216,-190
483,Corrin,4235,4690,64.7%,6 - 4,+444,51,+266,-195
484,Titiek,4215,4215,71.4%,6 - 4,+269,14,+206,-216
485,Peco,4212,4212,28.6%,2 - 5,-538,7,+86,-226
486,Takuma,4212,4212,75.0%,7 - 3,+741,12,+224,-203
487,Reptile,4194,4194,51.3%,7 - 3,+305,115,+269,-261
488,Madame,4194,4230,48.1%,6 - 4,+291,77,+284,-212
489,Beni,4191,5009,49.7%,6 - 4,+327,183,+231,-251
490,Toad,4186,4186,62.7%,7 - 3,+410,67,+236,-195
491,Aroha,4173,4342,61.1%,5 - 5,+283,36,+297,-198
492,Y,4171,4171,64.3%,7 - 3,+235,28,+184,-215
493,yayoi,4166,4438,59.3%,5 - 5,-84,27,+267,-176
494,"Jakearoo
",4165,4550,51.6%,7 - 3,+249,31,+190,-200
495,Takumi,4164,4164,68.0%,7 - 3,+471,25,+258,-207
496,Harry (USA),4160,4432,58.5%,5 - 5,+50,94,+209,-166
497,Aria,4159,4877,50.6%,2 - 8,-482,89,+250,-252
498,Mochikin,4151,4269,14.3%,1 - 6,-549,7,+91,-180
499,gdin,4123,4123,52.8%,5 - 5,+84,53,+198,-297
500,atlx,4116,5703,45.5%,5 - 5,-238,165,+221,-291
501,Moesito,4115,4438,41.4%,5 - 5,+158,29,+200,-183
502,Storm (AU),4115,4928,50.0%,4 - 6,-70,34,+197,-328
503,hiruko,4113,4113,59.6%,8 - 2,+798,57,+209,-206
504,Koppu,4110,4619,30.8%,2 - 8,-640,13,+177,-263
505,Agusis,4102,5417,47.1%,6 - 4,+767,204,+276,-229
506,Resh,4102,4934,37.0%,3 - 7,-474,27,+160,-309
507,Perishi,4101,4747,60.6%,4 - 6,-467,71,+224,-240
508,tashi,4101,4847,41.4%,3 - 7,-555,29,+162,-193
509,Army,4091,4146,65.2%,7 - 3,+441,23,+203,-194
510,Mexas,4088,4088,55.9%,8 - 2,+691,34,+192,-241
511,Brox,4081,4187,65.2%,7 - 3,+431,23,+231,-181
512,yusuke,4080,4246,70.6%,6 - 4,+330,17,+226,-180
513,Lucky,4073,4823,46.9%,8 - 2,+530,49,+229,-255
514,Ruben,4070,4070,14.3%,1 - 6,-680,7,+31,-180
515,Cr15,4066,4191,63.0%,9 - 1,+825,54,+230,-225
516,Joel (IF),4063,4271,65.8%,7 - 3,+441,38,+221,-276
517,Flo,4062,4532,56.4%,3 - 7,-470,101,+261,-202
518,Yumaria,4060,4799,40.0%,5 - 5,-27,25,+219,-241
519,yuru,4060,4060,0.0%,0 - 5,-690,5,-,-221
520,Suzu,4052,4992,39.5%,5 - 5,-18,38,+242,-184
521,Fumi,4051,4829,31.3%,1 - 9,-677,16,+163,-217
522,Saiki,4047,4629,47.5%,5 - 5,+9,120,+249,-226
523,Azuza,4045,5167,53.5%,9 - 1,+1132,157,+215,-351
524,nc,4040,4066,25.0%,4 - 6,-203,16,+227,-212
525,Shao,4037,4037,53.0%,7 - 3,+631,83,+236,-218
526,LS,4032,4331,67.9%,7 - 3,+429,28,+218,-294
527,Marv,4032,4032,55.7%,8 - 2,+953,70,+207,-249
528,Pickles,4029,6255,48.2%,6 - 4,+424,191,+260,-304
529,Kouta,4026,6219,35.4%,3 - 7,-188,65,+202,-252
530,Ridge,4026,4200,51.7%,7 - 3,+288,87,+268,-255
531,Alex,4017,5683,50.4%,4 - 6,+242,236,+222,-307
532,Kiyosaku,4011,4463,50.0%,4 - 6,-295,132,+298,-265
533,Robin (WEC),4010,4466,51.8%,7 - 3,+331,222,+263,-310
534,Gary,4005,4332,65.2%,5 - 5,-161,69,+234,-272
535,Tomato,4005,4005,75.0%,7 - 3,+1062,20,+268,-94
536,Zorro,4003,4221,51.9%,4 - 6,+186,27,+187,-216
537,Sparky,4001,5152,42.9%,5 - 5,+3,98,+282,-214
538,yk,3995,4424,40.8%,7 - 3,+314,49,+195,-210
539,CARLOS,3980,4143,66.7%,6 - 3,+830,9,+279,-182
540,Comic,3976,4596,40.9%,5 - 5,-130,22,+200,-250
541,iL,3973,4433,56.3%,7 - 3,+260,103,+260,-224
542,Tuchan,3973,3973,75.0%,6 - 2,+673,8,+181,-111
543,Messhi,3961,4682,39.1%,4 - 6,-144,23,+211,-256
544,Riskin,3961,4140,66.7%,6 - 4,+373,18,+251,-216
545,osusei,3954,4132,22.2%,2 - 7,-796,9,+53,-186
546,rexter,3953,4502,46.5%,6 - 4,+379,114,+270,-236
547,JB,3951,4540,54.7%,3 - 7,-487,159,+247,-199
548,Purple (MEX),3940,4689,43.2%,5 - 5,-20,37,+179,-225
549,Setsuna,3938,3938,100.0%,5 - 0,+688,5,+210,-
550,Yui (ARC),3936,4437,36.4%,3 - 7,-1001,11,+58,-262
551,Loic (YF),3934,4093,60.0%,7 - 3,+488,20,+174,-159
552,Varo,3934,3990,47.4%,5 - 5,+370,19,+210,-174
553,Diegosito,3930,4237,44.1%,4 - 6,+392,34,+259,-170
554,Lucas (JPN),3929,4227,27.3%,3 - 7,-761,11,+100,-209
555,Kashi,3927,4267,61.1%,7 - 3,+576,18,+206,-207
556,uknow,3927,3953,57.3%,7 - 3,+382,75,+291,-226
557,BARN,3908,4481,49.2%,5 - 5,+285,177,+242,-268
558,Oden,3902,4233,50.8%,9 - 1,+1134,130,+250,-218
559,lynes,3898,3898,85.7%,6 - 1,+648,7,+227,-126
560,Wemex73,3889,3889,68.5%,7 - 3,+642,54,+276,-327
561,Saito,3878,4082,40.0%,6 - 4,-25,30,+190,-218
562,Sigorn,3861,4155,66.7%,6 - 4,+85,39,+222,-217
563,Fire,3856,4018,55.6%,5 - 4,+606,9,+181,-93
564,Andy,3844,3929,62.5%,5 - 5,+191,16,+193,-148
565,JAM,3839,3839,81.8%,8 - 2,+566,11,+200,-61
566,Gab,3827,4159,20.0%,2 - 8,-873,10,+157,-246
567,Rezi,3824,3824,0.0%,0 - 6,-926,6,-,-199
568,LMDS,3814,3814,54.9%,6 - 4,+510,82,+215,-211
569,Speck,3804,5106,46.2%,5 - 5,-11,106,+201,-289
570,Lucy,3802,5656,52.6%,6 - 4,+12,291,+319,-335
571,Fu Shun,3800,4111,58.0%,6 - 4,+23,81,+229,-231
572,Najelith,3800,3838,68.8%,6 - 4,+252,16,+191,-204
573,Alexxx,3799,4395,54.9%,4 - 6,-280,164,+246,-209
574,Emyhr,3799,3799,63.6%,7 - 3,+272,22,+193,-191
575,Javizz,3782,4551,60.8%,3 - 7,-537,74,+207,-229
576,Yansilver,3771,4242,0.0%,0 - 8,-979,8,-,-184
577,Kenn,3766,N/A,100.0%,3 - 0,+466,3,+199,-
578,Ringo,3765,N/A,100.0%,3 - 0,+465,3,+212,-
579,Zakaria,3752,4775,52.2%,6 - 4,+72,186,+235,-267
580,Venus,3743,3743,70.6%,8 - 2,+413,17,+167,-176
581,Sorata,3740,3753,57.1%,7 - 3,+221,105,+226,-244
582,Canon,3730,3952,11.1%,1 - 8,-1070,9,+176,-234
583,Ariel (DR),3729,3779,60.0%,7 - 3,+566,40,+268,-198
584,mito,3729,3817,66.7%,4 - 2,+479,6,+249,-146
585,Myguel,3727,3938,65.8%,6 - 4,+253,38,+212,-204
586,Rhymy,3724,3724,80.0%,4 - 1,+474,5,+178,-124
587,moto,3723,5845,40.0%,6 - 4,+90,65,+193,-281
588,Film,3715,4764,15.4%,1 - 9,-1155,13,+178,-183
589,Vampyr,3714,3792,66.7%,7 - 3,+349,15,+254,-201
590,Jagao,3705,3705,80.0%,4 - 1,+455,5,+213,-74
591,Madokami,3699,3699,54.5%,6 - 4,+594,11,+211,-173
592,Elie,3698,4499,52.0%,5 - 5,-156,344,+249,-261
593,MMC,3697,4534,52.7%,2 - 8,-645,55,+337,-276
594,Ghostlight,3690,3748,100.0%,5 - 0,+390,5,+134,-
595,Javier,3683,4250,47.4%,3 - 7,-270,587,+306,-248
596,Relia,3683,3782,58.8%,7 - 3,+203,17,+175,-257
597,Gecko,3676,3953,53.6%,3 - 7,-327,151,+229,-285
598,Denno,3671,6455,32.2%,3 - 7,-398,59,+195,-284
599,Peaqs,3667,5099,51.8%,5 - 5,-87,85,+246,-321
600,Y146,3658,3700,62.5%,5 - 3,+358,8,+205,-55
601,mr,3651,3974,52.3%,6 - 4,+86,193,+256,-218
602,Pianist,3638,3638,55.6%,5 - 4,+388,9,+202,-39
603,YOSHIO,3637,4849,42.7%,5 - 5,+1,110,+284,-251
604,Ken,3633,3633,62.5%,5 - 3,+333,8,+229,-174
605,Failure,3624,3638,48.0%,4 - 6,+107,25,+256,-185
606,Depo,3614,3797,57.9%,7 - 3,+230,19,+192,-209
607,Asuna (CAN),3611,3611,71.4%,5 - 2,+361,7,+161,-90
608,Ruben (COL),3605,3605,70.0%,7 - 3,+305,10,+176,-194
609,Batboo,3602,4163,56.5%,5 - 5,-84,62,+223,-243
610,Gr,3601,3601,81.3%,9 - 1,+1340,16,+278,-194
611,CoCok,3591,3719,53.8%,7 - 3,+439,26,+199,-167
612,poipoi,3582,4035,56.0%,6 - 4,+120,50,+216,-208
613,tanpe,3579,3579,60.0%,3 - 2,+279,5,+205,-82
614,Vermillion,3567,3567,70.0%,7 - 3,+317,10,+184,-138
615,Captain,3565,N/A,75.0%,3 - 1,+265,4,+179,-35
616,Julot,3558,6437,45.8%,4 - 6,-123,203,+276,-294
617,Fish,3551,4241,51.6%,4 - 6,-517,62,+233,-207
618,maple,3549,N/A,66.7%,2 - 1,+249,3,+159,-56
619,Soren,3542,4772,50.0%,6 - 4,+105,54,+178,-273
620,reiik,3538,N/A,100.0%,2 - 0,+288,2,+190,-
621,onamasu,3534,5376,52.7%,6 - 4,+611,146,+269,-250
622,ShimiZ (JPN),3527,3527,52.9%,5 - 5,+0,34,+226,-220
623,Sariman,3523,3619,50.0%,5 - 5,+244,14,+226,-195
624,Infuru,3520,3717,63.6%,6 - 4,+239,11,+180,-130
625,Wasoppu,3509,N/A,66.7%,2 - 1,+259,3,+224,-126
626,Byrth,3506,N/A,50.0%,2 - 2,+256,4,+214,-73
627,kazane,3506,3510,57.1%,4 - 3,+206,7,+171,-125
628,maya,3505,4386,18.8%,2 - 8,-688,16,+154,-209
629,Noy,3505,N/A,100.0%,1 - 0,+255,1,+255,-
630,Kuku,3492,4981,51.4%,3 - 7,-658,173,+270,-232
631,Narky,3492,3492,66.7%,4 - 2,+242,6,+181,-161
632,Unai,3486,N/A,75.0%,3 - 1,+236,4,+145,-66
633,Jumo,3472,4509,41.9%,4 - 6,-311,43,+185,-224
634,Dekohero,3469,3469,42.9%,3 - 4,+219,7,+207,-105
635,Seb,3467,3815,62.5%,4 - 6,-266,32,+150,-248
636,Cloud,3465,3541,50.0%,3 - 3,+215,6,+156,-82
637,Dec,3461,3525,61.7%,4 - 6,+72,60,+211,-193
638,Uroko,3458,3458,50.0%,3 - 3,+208,6,+147,-81
639,Craig,3455,N/A,100.0%,1 - 0,+155,1,+155,-
640,caron,3451,4140,46.3%,6 - 4,+384,80,+298,-269
641,Johann,3441,4206,55.1%,7 - 3,+549,98,+181,-287
642,Ryuji,3439,N/A,100.0%,1 - 0,+189,1,+189,-
643,Nicola,3437,3483,57.1%,6 - 4,+21,14,+181,-126
644,Domo,3429,3667,50.0%,3 - 7,+63,16,+196,-195
645,hero,3425,N/A,50.0%,2 - 2,+175,4,+222,-174
646,yanase,3416,3823,53.5%,8 - 2,+479,99,+241,-351
647,ApG77,3412,3743,46.6%,4 - 6,+47,58,+211,-200
648,Wisch,3409,3735,62.2%,4 - 6,-326,45,+284,-219
649,life,3408,3813,55.3%,4 - 6,-327,47,+306,-202
650,Towlie,3405,N/A,100.0%,2 - 0,+155,2,+100,-
651,Siguryo,3404,N/A,66.7%,2 - 1,+154,3,+213,-96
652,Said,3401,4875,43.5%,5 - 5,-97,46,+173,-253
653,jxntan,3400,3420,73.7%,8 - 2,+728,19,+258,-178
654,Tzuyu,3393,3432,58.9%,7 - 3,+703,56,+259,-232
655,Wailtor,3393,3393,50.0%,5 - 5,+261,46,+197,-210
656,Saikai,3391,4691,30.0%,1 - 9,-973,20,+135,-283
657,Shad,3391,3391,80.0%,4 - 1,+141,5,+102,-139
658,Indigo,3386,3395,52.9%,6 - 4,+497,17,+236,-252
659,Fuka,3381,3831,50.0%,4 - 6,-309,36,+195,-205
660,Ponpegan,3374,3486,57.1%,4 - 3,+124,7,+122,-96
661,DigDig,3372,N/A,33.3%,1 - 2,+122,3,+167,-40
662,Goro,3370,3535,53.3%,4 - 6,-79,15,+200,-168
663,Maccha,3363,N/A,66.7%,2 - 1,+113,3,+153,-87
664,Jason (My),3360,N/A,66.7%,2 - 1,+160,3,+126,-43
665,Marki,3358,N/A,100.0%,1 - 0,+108,1,+108,-
666,nyanyamilk,3352,N/A,100.0%,1 - 0,+102,1,+102,-
667,merc,3350,N/A,50.0%,2 - 2,+150,4,+144,-38
668,kaku,3347,N/A,100.0%,1 - 0,+47,1,+47,-
669,Des,3345,N/A,100.0%,1 - 0,+45,1,+45,-
670,Vanilla,3329,N/A,100.0%,2 - 0,+79,2,+74,-
671,Liam,3327,3538,54.5%,5 - 5,+57,11,+228,-211
672,Nick (Blue Orange),3325,4832,55.0%,4 - 6,-390,209,+254,-211
673,WaT,3322,N/A,50.0%,2 - 2,+22,4,+141,-125
674,Benjyc,3316,3316,58.3%,6 - 4,+172,12,+150,-168
675,Lari,3315,N/A,100.0%,1 - 0,+65,1,+65,-
676,Zach,3307,N/A,75.0%,3 - 1,+57,4,+100,-153
677,Hope,3305,N/A,100.0%,1 - 0,+55,1,+55,-
678,Natsu,3303,4727,50.0%,4 - 6,-607,62,+173,-304
679,Raph,3302,3786,67.5%,5 - 5,-87,40,+236,-221
680,Lobo,3300,4393,43.9%,4 - 6,-49,57,+243,-320
681,Seergius,3300,3300,58.3%,7 - 3,+450,48,+258,-221
682,Oscar,3297,3586,45.5%,4 - 6,-54,11,+178,-189
683,Babou,3295,3296,50.0%,5 - 5,+490,78,+256,-225
684,YoshiRacer,3291,3291,66.7%,4 - 2,+41,6,+114,-191
685,TEGU,3290,N/A,100.0%,1 - 0,+40,1,+40,-
686,Satie,3277,N/A,66.7%,2 - 1,+27,3,+57,-38
687,kikoman,3269,3475,58.5%,7 - 3,+523,82,+276,-271
688,Fusions,3265,4059,54.5%,5 - 5,-62,11,+208,-252
689,Moy,3258,3473,44.4%,4 - 5,-42,9,+251,-160
690,sashimi,3253,N/A,100.0%,1 - 0,+3,1,+3,-
691,Juliuz,3252,3314,61.1%,8 - 2,+680,36,+221,-167
692,Ryoga,3250,3348,47.4%,6 - 4,+412,19,+210,-170
693,Storm,3250,3276,54.5%,6 - 4,+119,11,+136,-214
694,Riky95,3247,4588,32.1%,2 - 8,-738,28,+136,-237
695,Hydra,3242,3447,50.6%,6 - 4,+131,253,+307,-244
696,Kefka,3242,3242,44.4%,4 - 5,-8,9,+183,-196
697,Drack,3234,3288,42.9%,3 - 4,-66,7,+216,-108
698,Hobbie,3232,3282,40.0%,2 - 3,-68,5,+87,-100
699,takapi,3230,3482,46.2%,5 - 5,+39,13,+221,-234
700,DANIPRO,3229,3541,67.7%,5 - 5,-103,31,+236,-293
701,key,3227,N/A,0.0%,0 - 1,-23,1,-,-23
702,Ashiya,3225,N/A,0.0%,0 - 1,-25,1,-,-25
703,KukA,3225,4195,44.2%,2 - 8,-851,113,+294,-220
704,Antwann X,3224,3857,50.3%,4 - 6,-421,167,+277,-246
705,Reno,3224,3224,50.0%,4 - 4,+74,8,+173,-267
706,Geki,3223,3413,43.8%,5 - 5,+197,16,+200,-182
707,Flaco,3220,5019,48.9%,3 - 7,-397,442,+269,-294
708,Luisao,3219,3219,69.7%,7 - 3,+278,33,+219,-166
709,KAOKAO,3218,3636,50.5%,6 - 4,+130,93,+203,-294
710,yuko,3213,N/A,0.0%,0 - 1,-37,1,-,-37
711,IC Mailman,3200,N/A,0.0%,0 - 1,+0,1,-,-
712,Alive,3199,N/A,0.0%,0 - 1,-51,1,-,-51
713,RaSong,3198,N/A,50.0%,2 - 2,-52,4,+133,-176
714,Yoshimi,3198,N/A,50.0%,1 - 1,-52,2,+136,-188
715,Hamasun,3196,3975,56.4%,4 - 6,-317,39,+241,-213
716,Hellfire,3194,3194,47.1%,7 - 3,+490,17,+190,-197
717,Despondency,3193,4257,50.8%,6 - 4,+21,240,+257,-290
718,Antony (FR),3187,3187,60.0%,6 - 4,-113,10,+203,-205
719,Kazu,3184,3247,45.5%,4 - 6,-242,11,+139,-232
720,Koyassi,3182,3182,42.9%,3 - 4,-68,7,+88,-85
721,Rybina,3180,3468,45.5%,4 - 6,-229,11,+183,-176
722,wavi,3179,3313,50.0%,3 - 3,-71,6,+136,-160
723,Viyok,3178,3178,50.0%,3 - 3,-72,6,+137,-201
724,Nytrix,3168,N/A,0.0%,0 - 1,-132,1,-,-132
725,colchoneta,3167,3985,54.1%,4 - 6,-574,157,+238,-231
726,ruby (ESP),3164,N/A,0.0%,0 - 1,-86,1,-,-86
727,Javiwii,3162,3629,51.4%,5 - 5,-36,173,+246,-220
728,RainBow,3158,N/A,0.0%,0 - 1,-142,1,-,-142
729,Ainasi,3156,N/A,0.0%,0 - 1,-94,1,-,-94
730,Nebs,3147,3147,54.5%,6 - 4,-61,11,+164,-179
731,Absolutely,3144,3237,46.3%,6 - 4,+223,41,+219,-263
732,mzklov,3144,N/A,0.0%,0 - 1,-156,1,-,-156
733,Shiiguy,3141,3252,64.7%,5 - 5,+260,34,+261,-180
734,IoN,3138,N/A,0.0%,0 - 3,-162,3,-,-79
735,Uris,3137,3605,50.0%,5 - 5,-113,10,+166,-152
736,Qadim,3136,3413,36.4%,3 - 7,-277,11,+163,-122
737,Skmn,3134,N/A,50.0%,1 - 1,-116,2,+63,-179
738,Kentaro,3125,3501,53.3%,5 - 5,-244,15,+267,-195
739,Diegu,3121,3121,61.9%,5 - 5,+294,42,+254,-189
740,Nours,3121,3121,64.4%,8 - 2,+656,45,+273,-164
741,Fermin,3117,N/A,50.0%,1 - 1,-183,2,+95,-278
742,HIZIKI,3114,3114,20.0%,1 - 4,-186,5,+144,-216
743,Rodhi,3103,N/A,0.0%,0 - 2,-147,2,-,-136
744,AleMacNube,3102,3174,57.1%,5 - 5,+472,28,+216,-180
745,Troita,3102,N/A,50.0%,2 - 2,-198,4,+114,-224
746,Aure,3101,3408,50.0%,4 - 6,-33,24,+192,-205
747,Protox,3101,N/A,0.0%,0 - 1,-149,1,-,-149
748,Fam,3096,4097,7.7%,1 - 9,-1363,13,+175,-239
749,Jordie,3096,3686,54.8%,6 - 4,+373,84,+256,-233
750,patenke,3086,N/A,0.0%,0 - 2,-164,2,-,-121
751,Hexia,3082,3316,58.8%,4 - 6,+21,34,+247,-162
752,Jack,3072,3072,46.0%,9 - 1,+863,313,+356,-217
753,kureria,3070,N/A,33.3%,1 - 2,-230,3,+26,-186
754,Vicentowsky,3070,3070,77.3%,9 - 1,+988,22,+228,-211
755,Rokitobi,3069,N/A,0.0%,0 - 1,-231,1,-,-231
756,Kan,3065,N/A,0.0%,0 - 1,-185,1,-,-185
757,uepon,3065,3065,16.7%,1 - 5,-185,6,+78,-94
758,TheKoopaGuy,3063,3063,40.0%,2 - 3,-187,5,+132,-165
759,Gamy,3061,N/A,0.0%,0 - 1,-189,1,-,-189
760,Somen,3060,N/A,0.0%,0 - 1,-240,1,-,-240
761,Anht,3058,N/A,0.0%,0 - 1,-192,1,-,-192
762,Manrou,3058,4011,50.9%,4 - 6,+142,57,+224,-274
763,Omizu,3057,N/A,33.3%,1 - 2,-193,3,+31,-144
764,Ymir,3056,N/A,0.0%,0 - 1,-194,1,-,-194
765,kaiki,3049,3348,33.3%,2 - 4,-201,6,+98,-207
766,Robin,3049,N/A,0.0%,0 - 1,-251,1,-,-251
767,yakitori,3049,3644,25.0%,2 - 6,-251,8,+241,-234
768,pencil,3047,N/A,0.0%,0 - 4,-253,4,-,-188
769,Rosa,3044,3472,50.0%,4 - 6,-295,16,+238,-194
770,gorimusu,3043,3896,45.5%,5 - 5,+78,44,+166,-200
771,Kuwagata,3041,N/A,33.3%,1 - 2,-209,3,+91,-197
772,CanosoJr,3039,3194,56.8%,7 - 3,+666,37,+296,-237
773,Yoshi90,3036,N/A,0.0%,0 - 1,-164,1,-,-164
774,Thib,3033,N/A,0.0%,0 - 1,-267,1,-,-267
775,AssX,3031,3054,72.7%,7 - 3,+1130,11,+249,-108
776,MANZI,3029,3029,20.0%,1 - 4,-271,5,+113,-184
777,Rolex,3023,3141,53.1%,4 - 6,-118,64,+263,-219
778,Rene,3021,3292,46.7%,5 - 5,-226,15,+124,-147
779,Rozemi,3021,3021,40.0%,2 - 3,-229,5,+93,-199
780,BaysBall,3020,N/A,0.0%,0 - 2,-280,2,-,-165
781,Kasillas77,3018,N/A,0.0%,0 - 1,-232,1,-,-232
782,pipi,3016,3832,50.8%,7 - 3,+405,63,+227,-207
783,Justin,3008,3008,33.3%,2 - 4,-192,6,+67,-169
784,marill,3003,N/A,0.0%,0 - 2,-297,2,-,-205
785,Theji,2995,3883,54.6%,4 - 6,-495,97,+217,-238
786,Neku,2994,2994,20.0%,1 - 4,-256,5,+93,-136
787,Niko,2992,3622,50.7%,4 - 6,-67,67,+238,-189
788,Yanshi,2987,N/A,0.0%,0 - 2,-313,2,-,-171
789,jennychi,2981,2981,50.3%,6 - 4,+434,195,+252,-247
790,AZALEA,2978,2978,37.5%,3 - 5,-272,8,+141,-148
791,Engel,2972,3275,58.8%,4 - 6,-22,34,+195,-188
792,kimuchi,2968,2989,42.9%,3 - 4,-332,7,+60,-202
793,Marqinho77,2967,3283,50.0%,5 - 5,-93,14,+157,-196
794,IceFox39,2963,3379,42.7%,6 - 4,+428,89,+235,-240
795,Marlin,2963,N/A,0.0%,0 - 2,-237,2,-,-133
796,Yugiri,2962,3253,55.6%,5 - 4,-288,9,+116,-172
797,Vincegeta,2957,N/A,0.0%,0 - 1,-293,1,-,-293
798,Pump,2956,3212,25.0%,2 - 6,-294,8,+208,-207
799,Jiro,2948,N/A,0.0%,0 - 1,-302,1,-,-302
800,WOZ,2948,3984,34.1%,5 - 5,+67,41,+255,-214
801,Luis,2943,N/A,25.0%,1 - 3,-307,4,+67,-264
802,yos,2936,N/A,0.0%,0 - 2,-314,2,-,-177
803,Lapis,2932,3749,51.7%,4 - 6,-209,174,+254,-239
804,Ivory,2930,N/A,0.0%,0 - 2,-270,2,-,-150
805,minato,2926,N/A,0.0%,0 - 2,-324,2,-,-175
806,Saika,2925,3064,53.9%,6 - 4,+452,115,+241,-238
807,vega,2916,4113,32.1%,5 - 5,-315,28,+192,-233
808,Bato,2915,N/A,0.0%,0 - 4,-335,4,-,-195
809,Shaiman,2915,3004,47.1%,6 - 4,+283,17,+215,-183
810,Rod,2914,3102,42.9%,5 - 5,-24,14,+111,-243
811,Naatsuumi,2913,3076,52.4%,5 - 5,+171,21,+176,-272
812,Lauda,2912,N/A,0.0%,0 - 2,-338,2,-,-171
813,parsee,2911,2911,33.3%,2 - 4,-339,6,+172,-310
814,Ninja,2901,3251,40.0%,3 - 7,-178,30,+184,-184
815,zcona,2900,3025,16.7%,1 - 5,-400,6,+164,-196
816,Marine,2896,3162,42.9%,5 - 5,-214,14,+132,-266
817,Flower,2894,2894,28.6%,2 - 5,-306,7,+75,-228
818,Taki,2889,4389,47.1%,4 - 6,-618,121,+297,-247
819,Muffin,2884,3367,37.5%,3 - 5,-366,8,+167,-176
820,nekura,2884,N/A,0.0%,0 - 1,-266,1,-,-266
821,EKBO,2883,2883,33.3%,2 - 4,-417,6,+136,-174
822,Music,2883,3384,46.2%,5 - 5,-328,13,+122,-244
823,gokigemyo,2880,5451,48.4%,8 - 2,+429,31,+190,-215
824,Elkun,2879,3173,45.2%,4 - 6,-63,62,+232,-272
825,Otonashi,2878,N/A,0.0%,0 - 2,-372,2,-,-298
826,Egeon,2875,3587,75.0%,6 - 4,+293,16,+224,-159
827,sanks,2875,2875,40.0%,2 - 3,-375,5,+87,-172
828,Null,2872,2889,37.5%,3 - 5,-378,8,+37,-158
829,ERo,2849,2849,40.0%,2 - 3,-401,5,+126,-215
830,denchan,2838,2923,33.3%,4 - 6,-187,12,+233,-190
831,Ilyas,2836,3049,42.1%,5 - 5,+70,19,+244,-218
832,Alex_Gp2,2835,3189,40.0%,4 - 6,-365,10,+149,-279
833,Kumatora,2829,2831,70.6%,8 - 2,+860,17,+211,-102
834,Jorge,2822,2822,33.3%,2 - 4,-428,6,+92,-239
835,ALLEZ,2816,2816,20.0%,1 - 4,-484,5,+215,-248
836,ScraT,2816,3213,45.5%,5 - 5,-105,33,+245,-209
837,Starstrike,2808,2808,20.0%,1 - 4,-442,5,+99,-250
838,Markness,2801,3235,12.5%,1 - 7,-499,8,+155,-179
839,dlm70,2798,3006,37.5%,3 - 5,-452,8,+182,-258
840,OzzyWaldo7,2792,N/A,0.0%,0 - 2,-458,2,-,-290
841,Phenix,2785,2785,70.0%,8 - 2,+786,20,+219,-170
842,KeK,2782,N/A,0.0%,0 - 3,-468,3,-,-271
843,DJR,2778,2870,14.3%,1 - 6,-522,7,+11,-156
844,Fox04k,2777,3733,52.5%,6 - 4,-147,59,+229,-233
845,Laquon,2776,3493,29.4%,1 - 9,-717,17,+165,-272
846,A-Kun,2772,2818,25.0%,2 - 6,-528,8,+181,-198
847,JaSon,2772,4058,47.5%,5 - 5,-179,122,+249,-294
848,Anxo,2766,2766,77.8%,7 - 2,+966,9,+223,-34
849,Ibu,2759,3654,48.4%,4 - 6,-535,31,+221,-232
850,OscarMS,2758,3520,36.8%,2 - 8,-462,19,+254,-179
851,DanTalents,2757,4056,51.8%,6 - 4,+372,222,+244,-285
852,Divide,2754,N/A,0.0%,0 - 2,-496,2,-,-292
853,Paripi,2753,3128,31.3%,2 - 8,-375,16,+207,-235
854,Koala,2750,2840,33.3%,4 - 6,-90,15,+209,-194
855,Aran,2742,3554,50.5%,5 - 5,-170,107,+251,-266
856,BoKeRoN,2741,2741,20.0%,1 - 4,-509,5,+60,-238
857,Carlosf,2739,3324,47.8%,4 - 6,-231,23,+168,-274
858,Hamiyo,2725,3220,42.9%,3 - 4,-525,7,+180,-261
859,Ima,2725,3456,50.0%,9 - 1,+549,36,+217,-261
860,na_ko,2723,2969,16.7%,2 - 8,-251,12,+192,-188
861,RITO (JPN),2716,N/A,0.0%,0 - 4,-534,4,-,-167
862,Yoshi (UK),2710,N/A,0.0%,0 - 4,-540,4,-,-242
863,Pile,2709,2932,51.4%,5 - 5,+185,35,+245,-223
864,Kratos (FR),2708,3149,52.0%,4 - 6,-65,100,+267,-232
865,Trom,2705,3369,52.4%,5 - 5,-336,21,+137,-196
866,kariwan,2704,2808,33.3%,2 - 4,-596,6,+146,-246
867,Tueur,2697,3295,44.4%,6 - 4,+84,18,+142,-254
868,Hai,2694,3213,40.0%,4 - 6,-556,10,+213,-339
869,Jerry,2694,2705,51.0%,7 - 3,+772,51,+270,-217
870,Lu,2693,2966,60.5%,7 - 3,+373,38,+220,-235
871,Psycho,2685,3387,51.6%,4 - 6,-8,184,+270,-227
872,MauricioMK,2684,3205,36.8%,3 - 7,-259,19,+175,-273
873,Mawile,2674,2674,77.8%,7 - 2,+924,9,+257,-123
874,Damian,2673,3949,48.2%,5 - 5,-10,533,+312,-258
875,Cobra,2667,N/A,25.0%,1 - 3,-433,4,+71,-281
876,Sandaa,2663,N/A,0.0%,0 - 3,-587,3,-,-241
877,Carloos,2661,3103,42.9%,5 - 5,+249,28,+224,-265
878,Aranarico,2644,3194,51.5%,3 - 7,-600,99,+259,-224
879,shy,2616,3156,33.3%,3 - 6,-684,9,+26,-197
880,winnie,2613,2781,72.7%,7 - 3,+737,11,+167,-168
881,Storm (ip),2609,3849,48.0%,4 - 6,-111,325,+217,-213
882,Randy,2602,2602,100.0%,5 - 0,+852,5,+290,-
883,Adri,2599,2599,70.0%,7 - 3,+849,10,+237,-255
884,Francis,2592,N/A,0.0%,0 - 3,-558,3,-,-215
885,Light,2591,3274,45.5%,5 - 5,-488,11,+81,-262
886,Angel ,2565,3112,64.3%,7 - 3,+574,14,+203,-207
887,Dracoxy,2565,2598,60.0%,4 - 6,+127,15,+216,-129
888,Crunchy,2560,2838,62.5%,5 - 5,-233,32,+205,-185
889,Dragmirejr,2555,2994,33.3%,3 - 6,-695,9,+95,-182
890,Aimyong,2554,2879,33.3%,3 - 7,-618,12,+217,-235
891,Theo_,2553,2553,77.8%,7 - 2,+803,9,+215,-174
892,TheMax,2547,2547,55.8%,6 - 4,+170,43,+269,-139
893,Bonjac,2533,3258,47.3%,6 - 4,+424,355,+256,-225
894,Rox,2532,2904,10.0%,1 - 9,-768,10,+129,-198
895,Prismillon,2530,2563,33.3%,3 - 6,-720,9,+130,-275
896,Rex,2525,2696,57.8%,6 - 4,+283,45,+201,-250
897,Yuzu,2515,2782,20.0%,2 - 8,-785,10,+163,-242
898,Kyllios,2514,3250,12.5%,1 - 7,-586,8,+163,-278
899,Sphinx,2514,2514,0.0%,0 - 5,-786,5,-,-200
900,Axel (ARG),2513,2603,53.6%,6 - 4,+450,28,+257,-181
901,Garch,2511,3009,40.0%,4 - 6,-335,40,+238,-239
902,Kinjo,2510,2573,14.3%,1 - 6,-740,7,+115,-208
903,Snow,2508,2508,66.7%,6 - 3,+758,9,+198,-98
904,Typhoon,2505,2615,52.5%,7 - 3,+613,40,+215,-170
905,yosno,2496,2914,66.7%,5 - 5,+184,15,+180,-218
906,Pablo19,2495,2987,50.8%,5 - 5,+86,63,+265,-243
907,Shiza,2483,2670,16.7%,1 - 5,-817,6,+82,-242
908,Antony,2480,2927,37.0%,4 - 6,-179,27,+151,-217
909,Mirage,2480,2480,16.7%,1 - 5,-770,6,+56,-203
910,Raptor,2475,2511,66.7%,6 - 3,+725,9,+182,-98
911,BlackDown,2468,2766,35.7%,6 - 4,+256,28,+281,-201
912,Ian,2466,3187,50.0%,7 - 3,+6,38,+174,-249
913,MattG,2464,4130,48.6%,5 - 5,-66,218,+276,-251
914,JarJar,2458,2458,0.0%,0 - 5,-792,5,-,-217
915,Demon (USA),2447,3434,20.0%,2 - 8,-803,10,+157,-217
916,Zeta,2445,3315,36.8%,2 - 8,-770,19,+199,-290
917,Clock,2415,2713,51.3%,6 - 4,+405,39,+254,-157
918,SantyJR,2409,2509,72.7%,7 - 3,+688,11,+207,-98
919,Unova,2404,2404,75.0%,6 - 2,+654,8,+209,-68
920,Hollend,2397,4084,50.3%,5 - 5,-31,171,+211,-254
921,Loic (Sz),2385,2874,43.8%,4 - 6,-234,32,+208,-321
922,Hiro,2384,2398,58.8%,7 - 3,+707,17,+247,-177
923,Deimos,2374,2962,55.2%,6 - 4,+1,29,+126,-253
924,Kratos (ESP),2372,2620,61.5%,8 - 2,+677,26,+220,-174
925,Dragster,2368,2368,85.7%,6 - 1,+618,7,+221,-90
926,Mat,2360,2530,53.8%,6 - 4,+527,26,+224,-176
927,Campeon,2341,2763,46.7%,5 - 5,+291,210,+264,-231
928,Speedy,2304,2433,60.0%,7 - 3,+686,20,+192,-145
929,Zorm,2301,5258,51.2%,3 - 7,-556,127,+244,-309
930,Lin,2296,2615,56.5%,5 - 5,-143,23,+229,-213
931,Miguelo,2294,2294,83.3%,5 - 1,+544,6,+210,-49
932,Quento,2285,3015,37.5%,3 - 7,-671,32,+209,-205
933,magra,2284,3257,35.7%,3 - 7,-791,14,+182,-221
934,Xavi,2284,2806,63.2%,6 - 4,+283,19,+223,-255
935,Vikler,2275,2275,80.0%,4 - 1,+525,5,+222,-35
936,Brantios,2273,2366,66.7%,6 - 4,+176,15,+261,-187
937,Zenith,2266,N/A,75.0%,3 - 1,+466,4,+237,-90
938,Gokus,2258,2747,42.6%,2 - 8,-299,61,+240,-238
939,FraX,2257,3055,42.4%,6 - 4,-211,33,+152,-237
940,Berda,2244,2244,55.6%,7 - 3,+631,18,+216,-182
941,CC,2239,2360,60.0%,6 - 4,+439,10,+231,-180
942,Goku,2238,2366,63.6%,6 - 4,+345,11,+196,-115
943,thedino,2230,2232,83.3%,5 - 1,+480,6,+188,-6
944,Pillou,2229,2344,53.8%,7 - 3,+649,26,+241,-169
945,Resonan,2225,2225,80.0%,4 - 1,+475,5,+241,-39
946,Christo,2220,2496,54.3%,4 - 6,+5,81,+253,-195
947,Jonobabes,2216,2216,72.7%,7 - 3,+316,11,+172,-123
948,Ruskie,2207,2253,66.7%,6 - 3,+457,9,+152,-53
949,Hartless,2202,3152,28.6%,4 - 6,+12,21,+139,-219
950,Sergish,2201,2201,63.6%,6 - 4,+222,11,+229,-142
951,WiFi,2199,2541,10.0%,1 - 9,-1051,10,+3,-197
952,Panda,2198,2510,57.1%,4 - 6,-169,14,+225,-157
953,Misogi,2192,N/A,100.0%,3 - 0,+442,3,+197,-
954,xNts,2191,2191,55.9%,7 - 3,+956,34,+292,-201
955,Draco,2183,2417,54.3%,5 - 5,-37,35,+243,-193
956,Puncho,2147,2190,77.8%,7 - 2,+397,9,+181,-183
957,Titan,2146,2300,53.8%,6 - 4,+382,13,+182,-181
958,Gabe (USA),2142,2863,52.1%,4 - 6,-400,73,+290,-277
959,Kou,2131,2205,66.7%,4 - 2,+381,6,+179,-74
960,Totox,2121,N/A,75.0%,3 - 1,+371,4,+192,-59
961,EspiSf,2111,2923,23.1%,3 - 7,-840,13,+88,-246
962,Wolfy,2106,2106,45.5%,5 - 5,+326,11,+248,-149
963,Vincent,2104,N/A,75.0%,3 - 1,+354,4,+145,-35
964,tea,2101,3349,25.9%,2 - 8,-485,27,+190,-232
965,MIKE,2099,3371,29.6%,4 - 6,-310,27,+201,-208
966,Benjax,2097,2427,46.9%,4 - 6,-231,49,+194,-213
967,Mooden,2095,2391,52.2%,6 - 4,+224,23,+237,-167
968,Enu,2094,2323,55.6%,5 - 4,+344,9,+215,-116
969,Jupiter,2076,2365,62.5%,6 - 4,-36,16,+211,-234
970,Frozen,2068,2278,62.5%,6 - 4,+327,16,+213,-182
971,Evanesqua,2066,2066,66.7%,4 - 2,+266,6,+220,-157
972,Quan4sho,2066,3625,54.3%,3 - 7,-147,94,+244,-207
973,Oli,2065,2065,60.0%,3 - 2,+365,5,+164,-98
974,Carty,2059,3305,45.9%,4 - 6,+2,85,+253,-243
975,Caizer,2049,2049,57.1%,6 - 4,+267,14,+223,-133
976,Juliex,2040,N/A,100.0%,1 - 0,+290,1,+290,-
977,ss,2040,N/A,100.0%,2 - 0,+290,2,+185,-
978,Puz,2039,4355,40.4%,4 - 6,-149,136,+256,-200
979,Yugo,2035,2324,50.0%,3 - 7,-289,70,+268,-223
980,Roy,2033,2178,53.3%,5 - 5,+33,15,+190,-147
981,mattca,2031,N/A,100.0%,2 - 0,+231,2,+150,-
982,Rorro,2028,N/A,75.0%,3 - 1,+228,4,+123,-61
983,Xeter,2024,2074,47.4%,5 - 5,-87,19,+213,-203
984,Dylan,2013,2085,61.9%,7 - 3,+473,21,+226,-199
985,RafaD,2005,2274,50.0%,6 - 4,+411,14,+202,-175
986,Pana,1995,2140,55.3%,4 - 6,+216,47,+211,-246
987,Nuuzz,1988,1988,80.0%,4 - 1,+238,5,+151,-49
988,Maize,1986,N/A,100.0%,3 - 0,+236,3,+147,-
989,DvD,1980,1980,60.0%,3 - 2,+180,5,+148,-139
990,SeBa92,1970,2067,55.6%,5 - 4,+170,9,+149,-150
991,Gamma,1969,N/A,100.0%,2 - 0,+219,2,+183,-
992,NikkoSteel,1960,2257,62.5%,5 - 3,+160,8,+166,-206
993,Garon,1955,N/A,100.0%,1 - 0,+205,1,+205,-
994,Samurott,1954,1954,53.8%,5 - 5,+3,13,+200,-215
995,Zin0x,1952,N/A,100.0%,2 - 0,+202,2,+139,-
996,Alpaco,1949,N/A,75.0%,3 - 1,+149,4,+174,-123
997,Paulita,1949,N/A,100.0%,1 - 0,+199,1,+199,-
998,Wutex,1949,N/A,75.0%,3 - 1,+149,4,+179,-125
999,RG Diego,1946,N/A,100.0%,1 - 0,+196,1,+196,-
1000,Sleep,1942,4377,50.0%,2 - 8,-743,118,+271,-234
1001,Blaex64,1934,1934,46.2%,5 - 5,+272,13,+241,-212
1002,Mattex125,1928,N/A,100.0%,2 - 0,+178,2,+129,-
1003,Espada,1921,1921,50.0%,3 - 3,+171,6,+183,-123
1004,Alejandr0,1920,N/A,100.0%,1 - 0,+170,1,+170,-
1005,poru,1916,2001,50.0%,4 - 4,+166,8,+190,-110
1006,Milo,1912,2664,23.8%,5 - 5,+36,21,+242,-248
1007,Silver,1912,2410,51.5%,6 - 4,+88,33,+219,-205
1008,Owlin,1911,N/A,66.7%,2 - 1,+161,3,+163,-63
1009,Low1337,1910,N/A,66.7%,2 - 1,+160,3,+153,-86
1010,AMLOWNED,1909,1909,40.0%,2 - 3,+159,5,+209,-137
1011,Stunky,1909,N/A,100.0%,1 - 0,+159,1,+159,-
1012,Bran,1908,1908,60.0%,3 - 2,+158,5,+88,-39
1013,Pixi,1906,2078,37.5%,3 - 5,+156,8,+189,-142
1014,Spec,1898,N/A,50.0%,1 - 1,+148,2,+198,-50
1015,HyTs,1895,3411,43.4%,6 - 4,+249,53,+263,-232
1016,Labyrinth,1895,2816,34.4%,5 - 5,-177,32,+276,-235
1017,Lemillion,1895,N/A,100.0%,2 - 0,+145,2,+88,-
1018,Raukandorg,1894,N/A,100.0%,1 - 0,+144,1,+144,-
1019,Cumty,1893,N/A,100.0%,1 - 0,+143,1,+143,-
1020,Ekzayde,1892,2080,53.8%,5 - 5,+100,13,+106,-132
1021,JOhn,1887,N/A,50.0%,1 - 1,+87,2,+87,-
1022,E.St4,1885,N/A,100.0%,1 - 0,+85,1,+85,-
1023,Vike,1883,1883,40.0%,2 - 3,+83,5,+135,-54
1024,Murra,1867,1867,57.1%,4 - 3,+117,7,+166,-152
1025,Near,1863,N/A,50.0%,1 - 1,+113,2,+124,-11
1026,Haunter,1861,N/A,100.0%,1 - 0,+111,1,+111,-
1027,HugoXP,1860,2119,50.9%,5 - 5,-85,53,+263,-219
1028,Manuel,1857,N/A,100.0%,1 - 0,+107,1,+107,-
1029,Zee,1857,N/A,100.0%,1 - 0,+107,1,+107,-
1030,Ambition,1852,N/A,100.0%,1 - 0,+102,1,+102,-
1031,Nayeon,1851,2794,48.5%,4 - 6,-159,66,+271,-241
1032,Ozuno,1849,N/A,66.7%,2 - 1,+99,3,+152,-74
1033,Ethan (FR),1844,1927,43.1%,4 - 6,-5,72,+226,-238
1034,Welcius,1844,1874,50.0%,3 - 3,+94,6,+177,-144
1035,Joky,1840,N/A,100.0%,1 - 0,+40,1,+40,-
1036,Hugox,1836,1963,50.0%,5 - 5,-37,22,+201,-149
1037,Adrian,1835,N/A,66.7%,2 - 1,+135,3,+179,-129
1038,Chiky,1831,2393,51.9%,4 - 6,+72,54,+254,-247
1039,Ponico,1831,2210,0.0%,0 - 9,-1419,9,-,-254
1040,Doritos,1828,1828,60.0%,3 - 2,+78,5,+187,-155
1041,Vivid,1827,N/A,50.0%,2 - 2,+127,4,+175,-108
1042,Pikabeast,1826,N/A,50.0%,1 - 1,+26,2,+156,-130
1043,xPaulax365x,1825,1825,62.5%,5 - 3,+75,8,+254,-106
1044,Juanra,1824,N/A,25.0%,1 - 3,+74,4,+192,-74
1045,CosmicMinun59,1817,1817,40.0%,2 - 3,+17,5,+178,-212
1046,Rollo,1817,N/A,100.0%,1 - 0,+67,1,+67,-
1047,AP,1815,1815,40.0%,2 - 3,+65,5,+181,-137
1048,Theo (MK),1808,N/A,66.7%,2 - 1,+58,3,+92,-49
1049,Smoke,1803,1803,60.0%,3 - 2,+53,5,+143,-103
1050,Zanark,1802,N/A,66.7%,2 - 1,+102,3,+108,-74
1051,Claw,1799,N/A,50.0%,1 - 1,+49,2,+49,-
1052,Rober,1798,1807,50.0%,5 - 5,+73,10,+173,-146
1053,Aito,1796,1796,40.0%,2 - 3,-4,5,+88,-78
1054,Sunlight,1794,N/A,50.0%,1 - 1,-6,2,+204,-210
1055,MajoraLink100,1789,N/A,33.3%,1 - 2,+39,3,+149,-107
1056,Noir,1787,N/A,50.0%,1 - 1,-13,2,+64,-77
1057,SirDozent,1785,N/A,100.0%,1 - 0,+35,1,+35,-
1058,Koki,1784,1784,40.0%,2 - 3,+34,5,+263,-136
1059,Baau,1776,N/A,100.0%,1 - 0,+26,1,+26,-
1060,Lune,1772,N/A,100.0%,1 - 0,+22,1,+22,-
1061,Winter,1772,1918,37.5%,3 - 5,+22,8,+198,-141
1062,Arthur,1767,2253,62.5%,5 - 3,+17,8,+138,-188
1063,Kinopio,1766,2322,38.9%,2 - 8,-340,36,+242,-234
1064,Ferni,1763,N/A,50.0%,2 - 2,+113,4,+153,-63
1065,Carssoune,1761,N/A,100.0%,1 - 0,+11,1,+11,-
1066,Demon_Kid,1760,N/A,0.0%,0 - 1,-15,1,-,-15
1067,uni (ESP),1758,2004,53.8%,5 - 5,-37,13,+173,-191
1068,Eliam,1757,1757,51.3%,8 - 2,+975,39,+257,-182
1069,Nando,1757,1999,44.4%,4 - 5,+7,9,+175,-187
1070,raichi,1755,N/A,33.3%,1 - 2,+5,3,+197,-142
1071,Revv,1754,N/A,100.0%,1 - 0,+4,1,+4,-
1072,SEB03,1754,N/A,0.0%,0 - 1,-46,1,-,-46
1073,Sidney,1754,N/A,100.0%,1 - 0,+4,1,+4,-
1074,Ivanbik,1753,N/A,50.0%,1 - 1,+3,2,+53,-50
1075,Lokilla,1753,1821,41.7%,5 - 5,+395,36,+269,-197
1076,Beast (Sz),1751,N/A,50.0%,1 - 1,+1,2,+136,-135
1077,Chaosmieze,1748,N/A,50.0%,1 - 1,-2,2,+174,-176
1078,Rito,1748,3307,39.1%,4 - 6,-249,69,+244,-231
1079,Portero,1747,1902,37.5%,3 - 5,-3,8,+239,-155
1080,Leon99,1744,1764,60.0%,8 - 2,+472,15,+205,-245
1081,Dan972,1736,N/A,25.0%,1 - 3,-14,4,+72,-74
1082,Munckeyz,1736,N/A,50.0%,1 - 1,-14,2,+83,-97
1083,Liline,1732,2172,40.0%,4 - 6,-130,15,+213,-160
1084,Adivian,1726,1867,50.0%,4 - 4,-24,8,+106,-160
1085,kenz,1726,N/A,0.0%,0 - 1,-24,1,-,-24
1086,Mask,1726,1726,50.0%,3 - 3,-24,6,+130,-183
1087,Pepowned,1726,1903,41.7%,3 - 7,-160,12,+177,-176
1088,Spotfire2234,1720,N/A,50.0%,1 - 1,-30,2,+52,-82
1089,tova,1717,N/A,50.0%,2 - 2,-33,4,+147,-104
1090,Anna,1716,N/A,50.0%,1 - 1,-34,2,+48,-82
1091,Andrew,1714,N/A,50.0%,1 - 1,-36,2,+59,-95
1092,DesperateChaos,1714,N/A,0.0%,0 - 1,-36,1,-,-36
1093,HugoW,1712,N/A,50.0%,2 - 2,+12,4,+174,-167
1094,Gonzalo,1711,N/A,50.0%,1 - 1,-39,2,+86,-125
1095,Alozy,1710,N/A,0.0%,0 - 1,-90,1,-,-90
1096,luis1712,1709,N/A,0.0%,0 - 1,-41,1,-,-41
1097,KORHarry,1706,N/A,0.0%,0 - 1,-94,1,-,-94
1098,Axel11,1703,2493,55.0%,4 - 6,-641,20,+212,-233
1099,Its_Izi,1703,N/A,50.0%,1 - 1,-47,2,+15,-62
1100,RUA,1701,N/A,0.0%,0 - 1,-99,1,-,-99
1101,Lumi,1699,1752,47.6%,7 - 3,+531,42,+261,-272
1102,Alemantium,1698,N/A,0.0%,0 - 1,-102,1,-,-102
1103,Diego (RG),1698,N/A,0.0%,0 - 1,-52,1,-,-52
1104,Kef Geru,1698,N/A,0.0%,0 - 1,-52,1,-,-52
1105,SOS-Failer,1698,N/A,0.0%,0 - 1,-52,1,-,-52
1106,Dylan 718,1697,2747,39.1%,5 - 5,-418,23,+149,-231
1107,Mastah,1696,N/A,0.0%,0 - 1,-104,1,-,-104
1108,Giamma,1695,N/A,66.7%,2 - 1,-105,3,+49,-188
1109,Cuty,1693,2630,47.9%,3 - 7,-250,73,+227,-235
1110,Mike (BBQ),1691,N/A,50.0%,1 - 1,-59,2,+5,-64
1111,Chente,1688,N/A,33.3%,1 - 2,-62,3,+209,-148
1112,Joshua,1681,2053,42.9%,4 - 6,-195,14,+209,-187
1113,Pikashu,1681,N/A,50.0%,1 - 1,-19,2,+77,-96
1114,bymoe,1680,2065,33.3%,3 - 6,-120,9,+149,-140
1115,ChevyChaser,1678,1898,36.4%,3 - 7,-199,11,+222,-141
1116,Luigia,1674,N/A,0.0%,0 - 1,-76,1,-,-76
1117,Erratic,1671,N/A,50.0%,1 - 1,-79,2,+28,-107
1118,Daylon,1670,N/A,0.0%,0 - 1,-80,1,-,-80
1119,Moah,1669,N/A,0.0%,0 - 1,-131,1,-,-131
1120,Sam,1669,1987,46.7%,5 - 5,-30,15,+161,-241
1121,Xakob,1669,1816,48.6%,7 - 3,+447,37,+191,-251
1122,Yousaku,1669,N/A,33.3%,1 - 2,-81,3,+87,-145
1123,Lock,1664,N/A,50.0%,1 - 1,-86,2,+38,-124
1124,Maxy,1663,N/A,0.0%,0 - 1,-137,1,-,-137
1125,Bermus,1659,1921,50.0%,6 - 4,-117,42,+234,-193
1126,SilverMK,1657,N/A,50.0%,2 - 2,-93,4,+53,-128
1127,ZachNY,1657,N/A,50.0%,1 - 1,-93,2,+77,-170
1128,Bryan55,1655,N/A,50.0%,1 - 1,-95,2,+61,-156
1129,Keon,1653,N/A,0.0%,0 - 1,-97,1,-,-97
1130,AntonioRed,1651,N/A,0.0%,0 - 1,-99,1,-,-99
1131,Magnetic,1651,N/A,33.3%,1 - 2,-99,3,+164,-205
1132,Lockii,1650,N/A,0.0%,0 - 1,+0,1,-,-
1133,TSM8,1649,N/A,50.0%,1 - 1,-101,2,+20,-121
1134,Franko,1648,N/A,0.0%,0 - 1,-152,1,-,-152
1135,CornetBoy,1646,N/A,0.0%,0 - 1,-104,1,-,-104
1136,Mar,1646,N/A,33.3%,1 - 2,-104,3,+115,-157
1137,Stef_Boyardee,1642,N/A,50.0%,1 - 1,-108,2,+50,-158
1138,jazzy,1639,N/A,0.0%,0 - 1,-161,1,-,-161
1139,Hapibou,1638,N/A,0.0%,0 - 1,-112,1,-,-112
1140,Haseo,1638,N/A,0.0%,0 - 1,-112,1,-,-112
1141,JoseHamster,1638,N/A,50.0%,1 - 1,-112,2,+44,-156
1142,BrennanB,1637,N/A,0.0%,0 - 1,-113,1,-,-113
1143,Karank,1637,N/A,0.0%,0 - 2,-113,2,-,-111
1144,Arewau,1635,1685,66.7%,4 - 2,-115,6,+81,-266
1145,Cadoizz,1635,N/A,0.0%,0 - 1,-115,1,-,-115
1146,Kingler,1633,N/A,0.0%,0 - 1,-167,1,-,-167
1147,TheAwesomeMichael,1632,N/A,0.0%,0 - 3,-168,3,-,-60
1148,Marc,1630,1886,40.0%,2 - 3,-120,5,+50,-87
1149,Frank,1629,N/A,0.0%,0 - 1,-171,1,-,-171
1150,Jade,1628,N/A,0.0%,0 - 1,-122,1,-,-122
1151,hammerbro64,1624,N/A,33.3%,1 - 2,-126,3,+84,-126
1152,Caulifla,1621,N/A,0.0%,0 - 1,-129,1,-,-129
1153,WID3R,1621,N/A,50.0%,1 - 1,-129,2,+32,-161
1154,Togezou,1620,1929,36.4%,3 - 7,-200,11,+196,-163
1155,Woriou,1620,N/A,50.0%,2 - 2,-130,4,+99,-152
1156,Dani,1618,1618,50.0%,3 - 3,-132,6,+212,-275
1157,Klas,1618,N/A,0.0%,0 - 1,-182,1,-,-182
1158,Arnau,1617,1617,20.0%,1 - 4,-133,5,+86,-163
1159,Jed,1611,1611,50.0%,3 - 3,-139,6,+167,-193
1160,Spinda,1610,3018,26.1%,1 - 9,-1103,23,+118,-189
1161,zukeralt,1610,N/A,0.0%,0 - 1,-190,1,-,-190
1162,Maru,1609,N/A,0.0%,0 - 3,-141,3,-,-85
1163,Peaches,1609,N/A,0.0%,0 - 1,-141,1,-,-141
1164,Rein,1606,N/A,0.0%,0 - 1,-144,1,-,-144
1165,Monyz,1604,N/A,0.0%,0 - 1,-146,1,-,-146
1166,Blyth,1601,N/A,0.0%,0 - 1,-149,1,-,-149
1167,Bryian,1599,N/A,33.3%,1 - 2,-151,3,+80,-202
1168,Daniel,1599,N/A,0.0%,0 - 1,-151,1,-,-151
1169,Kamui,1599,N/A,0.0%,0 - 1,-201,1,-,-201
1170,DemonBeater,1598,1598,45.5%,5 - 5,+34,11,+185,-186
1171,SK Yoshi,1598,N/A,0.0%,0 - 1,-152,1,-,-152
1172,Toby,1598,N/A,0.0%,0 - 1,-152,1,-,-152
1173,Deivid,1597,N/A,0.0%,0 - 1,-153,1,-,-153
1174,chocoborancher2000,1596,N/A,0.0%,0 - 1,-154,1,-,-154
1175,Sun,1596,N/A,25.0%,1 - 3,-154,4,+136,-144
1176,Pepo,1595,N/A,0.0%,0 - 1,-155,1,-,-155
1177,Jordan (UK),1594,N/A,0.0%,0 - 1,-156,1,-,-156
1178,JulesLuffy,1593,N/A,0.0%,0 - 2,-157,2,-,-128
1179,r540,1593,1832,62.5%,5 - 3,-157,8,+170,-189
1180,Coco,1592,1592,40.0%,2 - 3,-158,5,+106,-184
1181,Inspire,1592,N/A,0.0%,0 - 1,-158,1,-,-158
1182,Kira,1592,N/A,0.0%,0 - 1,-158,1,-,-158
1183,Javier (CCR),1590,N/A,0.0%,0 - 1,-160,1,-,-160
1184,Elian,1589,N/A,0.0%,0 - 1,-211,1,-,-211
1185,Carameln,1588,N/A,0.0%,0 - 1,-162,1,-,-162
1186,ATS,1587,N/A,0.0%,0 - 1,-163,1,-,-163
1187,Wallie,1587,N/A,0.0%,0 - 1,-163,1,-,-163
1188,Akasia,1586,N/A,0.0%,0 - 2,-214,2,-,-210
1189,Antynx24,1586,N/A,0.0%,0 - 1,-164,1,-,-164
1190,Riccio,1586,N/A,0.0%,0 - 1,-164,1,-,-164
1191,Sk8,1586,N/A,33.3%,1 - 2,-164,3,+87,-140
1192,Choopy,1582,N/A,0.0%,0 - 1,-168,1,-,-168
1193,Lines,1582,N/A,33.3%,1 - 2,-218,3,+84,-208
1194,Mr Muffin,1581,N/A,33.3%,1 - 2,-169,3,+100,-227
1195,shady,1581,N/A,0.0%,0 - 1,-219,1,-,-219
1196,ploalexis,1577,N/A,0.0%,0 - 1,-223,1,-,-223
1197,Philip,1576,1821,34.5%,5 - 5,-61,29,+271,-203
1198,Emilio,1574,1827,44.4%,4 - 5,-176,9,+215,-253
1199,Polimar8,1574,N/A,33.3%,1 - 2,-226,3,+83,-161
1200,Imperial,1572,N/A,0.0%,0 - 2,-178,2,-,-103
1201,Lewd Loli,1572,N/A,0.0%,0 - 1,-178,1,-,-178
1202,Maspunch,1572,N/A,0.0%,0 - 2,-178,2,-,-113
1203,RT Spenjo,1570,N/A,0.0%,0 - 1,-180,1,-,-180
1204,Louise,1569,N/A,0.0%,0 - 1,-181,1,-,-181
1205,Ali,1568,1713,50.0%,4 - 4,-182,8,+192,-174
1206,ibu (oo),1568,N/A,0.0%,0 - 1,-182,1,-,-182
1207,Fox (ESP),1567,N/A,0.0%,0 - 1,-183,1,-,-183
1208,AlexW03,1566,N/A,0.0%,0 - 2,-184,2,-,-172
1209,Crowe (FR),1565,N/A,0.0%,0 - 1,-185,1,-,-185
1210,TopHatGaming,1564,N/A,0.0%,0 - 1,-236,1,-,-236
1211,Yannik,1564,N/A,0.0%,0 - 1,-186,1,-,-186
1212,Lloyd Nabbit,1563,N/A,0.0%,0 - 1,-187,1,-,-187
1213,Microbe,1563,1563,20.0%,1 - 4,-187,5,+155,-126
1214,Zalm,1562,N/A,0.0%,0 - 2,-188,2,-,-109
1215,Azelf,1557,N/A,0.0%,0 - 1,-193,1,-,-193
1216,Chronological,1555,N/A,0.0%,0 - 1,-195,1,-,-195
1217,FlamerDX,1555,N/A,0.0%,0 - 2,-195,2,-,-161
1218,Rayanza,1555,1632,37.5%,3 - 5,-195,8,+130,-177
1219,Cam,1550,1858,41.7%,4 - 6,-174,12,+175,-120
1220,Haze,1550,N/A,33.3%,1 - 2,-200,3,+165,-215
1221,k1ng,1550,N/A,0.0%,0 - 1,-200,1,-,-200
1222,Niklas,1548,1548,50.0%,3 - 3,-202,6,+72,-208
1223,Tristan,1546,1784,56.3%,4 - 6,-710,16,+201,-204
1224,JSully46,1545,N/A,0.0%,0 - 2,-205,2,-,-115
1225,Lycam,1545,N/A,0.0%,0 - 2,-255,2,-,-129
1226,M4,1545,N/A,0.0%,0 - 2,-205,2,-,-122
1227,Nelly,1545,N/A,0.0%,0 - 2,-205,2,-,-116
1228,Black,1544,1544,60.0%,3 - 2,-206,5,+81,-204
1229,OscarBK,1542,N/A,25.0%,1 - 3,-208,4,+144,-183
1230,Terrible,1542,N/A,0.0%,0 - 1,-208,1,-,-208
1231,Inertchip,1541,N/A,0.0%,0 - 2,-209,2,-,-138
1232,Kimbo17,1539,N/A,0.0%,0 - 2,-211,2,-,-193
1233,BooSnow,1538,N/A,0.0%,0 - 2,-212,2,-,-155
1234,LaFrambwaza,1538,N/A,33.3%,1 - 2,-262,3,+73,-227
1235,Mario_Gaming,1537,N/A,0.0%,0 - 1,-263,1,-,-263
1236,Trunks,1534,3048,22.2%,3 - 7,-464,27,+99,-222
1237,Astro,1533,N/A,0.0%,0 - 1,-217,1,-,-217
1238,Cuj,1533,1657,43.5%,5 - 5,+345,46,+191,-177
1239,Miner,1533,N/A,0.0%,0 - 1,-242,1,-,-242
1240,Yummydud,1533,N/A,0.0%,0 - 3,-267,3,-,-135
1241,Python,1531,N/A,25.0%,1 - 3,-269,4,+48,-175
1242,UnknownCode,1531,N/A,0.0%,0 - 2,-219,2,-,-164
1243,Nathan,1530,N/A,0.0%,0 - 2,-220,2,-,-126
1244,Ridley,1530,N/A,0.0%,0 - 2,-270,2,-,-214
1245,Estelle,1528,1836,33.3%,3 - 6,-222,9,+142,-197
1246,Francis (CAN),1523,N/A,0.0%,0 - 2,-277,2,-,-140
1247,ShadowRS,1523,N/A,0.0%,0 - 1,-227,1,-,-227
1248,DC427,1522,N/A,0.0%,0 - 2,-228,2,-,-168
1249,schmtz,1521,1872,36.4%,3 - 7,-364,11,+196,-155
1250,Karthik,1519,N/A,0.0%,0 - 2,-281,2,-,-194
1251,Miew,1519,N/A,0.0%,0 - 4,-231,4,-,-87
1252,CDR,1518,1708,28.6%,2 - 5,-282,7,+51,-133
1253,KazzEROLA,1518,N/A,0.0%,0 - 2,-232,2,-,-198
1254,Ethan (CAN),1516,1516,46.4%,7 - 3,+615,28,+275,-177
1255,Phoqui,1515,N/A,0.0%,0 - 2,-135,2,-,-135
1256,ZebraBlues,1515,N/A,0.0%,0 - 2,-235,2,-,-160
1257,Spoof,1514,N/A,33.3%,1 - 2,-286,3,+20,-169
1258,Tiox,1514,N/A,0.0%,0 - 2,-236,2,-,-225
1259,Alpha (ip),1510,1864,44.3%,6 - 4,+664,345,+291,-212
1260,Jarumy,1510,2194,45.8%,3 - 7,-382,24,+252,-251
1261,Mix,1510,N/A,0.0%,0 - 1,-240,1,-,-240
1262,Shoto,1510,N/A,0.0%,0 - 2,-240,2,-,-151
1263,hlgn,1509,2746,50.3%,3 - 7,-26,165,+258,-223
1264,Nel,1508,1877,33.3%,3 - 6,-242,9,+124,-226
1265,Deviljoker,1507,N/A,33.3%,1 - 2,-293,3,+36,-217
1266,jmla,1506,N/A,0.0%,0 - 2,-244,2,-,-157
1267,Cordyceps,1504,N/A,0.0%,0 - 2,-296,2,-,-213
1268,ASS,1499,1576,16.7%,1 - 5,-251,6,+30,-143
1269,Riku,1495,N/A,0.0%,0 - 2,-255,2,-,-131
1270,Cynical,1494,N/A,0.0%,0 - 2,-306,2,-,-221
1271,Sani,1494,N/A,0.0%,0 - 3,-256,3,-,-131
1272,Segtendo,1492,N/A,33.3%,1 - 2,-308,3,+69,-200
1273,J2Owen,1491,N/A,25.0%,1 - 3,-259,4,+24,-123
1274,Killua,1487,N/A,0.0%,0 - 1,-213,1,-,-213
1275,Dark (GER),1485,3210,28.9%,2 - 8,-734,38,+164,-234
1276,Allen,1480,1912,47.8%,4 - 6,-267,23,+172,-203
1277,OmegaX (CG),1480,1841,31.3%,4 - 6,+32,16,+254,-207
1278,Firefly2k7,1476,1586,33.3%,2 - 4,-274,6,+174,-199
1279,Lily,1476,N/A,0.0%,0 - 3,-324,3,-,-142
1280,R_ad,1472,N/A,25.0%,1 - 3,-228,4,+111,-156
1281,DG_14,1471,1699,50.0%,5 - 5,-329,10,+220,-178
1282,Donpanfilo,1469,N/A,0.0%,0 - 3,-281,3,-,-157
1283,Macron,1469,N/A,0.0%,0 - 2,-281,2,-,-211
1284,Ruskiee,1468,N/A,33.3%,1 - 2,-282,3,+36,-206
1285,Mol Dva,1466,N/A,25.0%,1 - 3,-284,4,+155,-174
1286,Neemo,1465,2614,12.5%,1 - 9,-1149,16,+146,-286
1287,Sean,1463,N/A,0.0%,0 - 3,-337,3,-,-154
1288,Adair,1462,1591,43.8%,6 - 4,+230,16,+215,-214
1289,SupeR,1455,1476,33.3%,3 - 6,-345,9,+142,-224
1290,dzuhh,1453,N/A,0.0%,0 - 2,-347,2,-,-266
1291,Aidan,1451,1916,50.0%,5 - 5,-127,32,+179,-171
1292,Decac_19,1447,N/A,0.0%,0 - 3,-303,3,-,-168
1293,Santiago,1446,N/A,0.0%,0 - 2,-304,2,-,-152
1294,DBZ123,1445,N/A,0.0%,0 - 1,-205,1,-,-205
1295,JoJoBon,1441,N/A,0.0%,0 - 2,-309,2,-,-197
1296,Sonic338,1440,1440,33.3%,2 - 4,-260,6,+160,-202
1297,NightCrawler,1439,1886,50.0%,4 - 4,-311,8,+149,-223
1298,Donut1707,1438,N/A,0.0%,0 - 2,-212,2,-,-204
1299,DasyMF,1435,N/A,0.0%,0 - 2,-315,2,-,-235
1300,kao,1435,1732,33.3%,2 - 4,-215,6,+152,-197
1301,LNM03,1435,N/A,0.0%,0 - 2,-315,2,-,-187
1302,Cuchii,1433,N/A,0.0%,0 - 2,-317,2,-,-191
1303,Sergio87,1433,N/A,0.0%,0 - 2,-267,2,-,-203
1304,Hydro,1431,1498,42.9%,6 - 4,+158,21,+196,-199
1305,Gryve,1427,N/A,25.0%,1 - 3,-373,4,+28,-152
1306,Wolf4443,1424,1424,40.0%,2 - 3,-276,5,+55,-172
1307,PumaX,1420,2476,21.1%,4 - 6,-557,19,+55,-217
1308,KoopaBean,1419,N/A,0.0%,0 - 2,-331,2,-,-178
1309,Polly,1419,1815,41.7%,3 - 7,-396,12,+80,-204
1310,Ricky,1416,1881,50.0%,5 - 5,-234,10,+199,-158
1311,leafleaf,1415,N/A,25.0%,1 - 3,-385,4,+58,-155
1312,El Miras,1414,N/A,0.0%,0 - 2,-286,2,-,-186
1313,Tagger400,1414,N/A,0.0%,0 - 2,-336,2,-,-220
1314,MarceloBR,1409,N/A,25.0%,1 - 3,-341,4,+14,-162
1315,Spectrum,1409,1409,0.0%,0 - 5,-341,5,-,-114
1316,Zatlo,1408,N/A,0.0%,0 - 3,-392,3,-,-173
1317,Born0rca,1405,N/A,0.0%,0 - 3,-345,3,-,-156
1318,Lucasop,1405,1910,22.2%,2 - 7,-295,9,+188,-170
1319,Voldash,1405,N/A,0.0%,0 - 2,-295,2,-,-159
1320,DavidFire,1403,N/A,0.0%,0 - 1,-197,1,-,-197
1321,Peter,1402,N/A,0.0%,0 - 2,-348,2,-,-181
1322,Turtle,1401,N/A,0.0%,0 - 2,-349,2,-,-192
1323,Big Cheese,1399,1974,44.4%,4 - 5,-301,9,+220,-257
1324,Shaun,1399,N/A,0.0%,0 - 2,-301,2,-,-200
1325,Act,1396,1905,37.5%,5 - 5,-161,32,+223,-217
1326,Euqirne,1396,N/A,25.0%,1 - 3,-304,4,+15,-175
1327,vilela,1394,1631,40.0%,5 - 5,-5,15,+255,-202
1328,Doobz,1392,1597,28.6%,2 - 5,-358,7,+16,-147
1329,Eldar,1391,1456,33.3%,3 - 6,-359,9,+174,-197
1330,Smokey,1391,N/A,0.0%,0 - 3,-284,3,-,-128
1331,Azure,1388,N/A,0.0%,0 - 2,-412,2,-,-217
1332,Kyrozz,1387,N/A,25.0%,1 - 3,-363,4,+102,-170
1333,JustNtendo,1385,N/A,0.0%,0 - 2,-365,2,-,-205
1334,Viqtc,1382,N/A,0.0%,0 - 3,-368,3,-,-148
1335,BFT,1376,1456,16.7%,1 - 5,-374,6,+56,-161
1336,ProjectJL,1375,N/A,0.0%,0 - 2,-375,2,-,-211
1337,Fille,1374,N/A,0.0%,0 - 2,-326,2,-,-200
1338,Derpy (CAN),1371,N/A,0.0%,0 - 2,-379,2,-,-191
1339,PoTaSSiuM,1371,N/A,0.0%,0 - 3,-279,3,-,-208
1340,Ulli,1370,N/A,0.0%,0 - 2,-355,2,-,-189
1341,Romain,1369,N/A,0.0%,0 - 4,-331,4,-,-143
1342,Melvin,1367,1711,16.7%,2 - 8,-148,12,+205,-191
1343,Harbur,1366,N/A,0.0%,0 - 2,-384,2,-,-204
1344,Shopan,1366,N/A,0.0%,0 - 3,-384,3,-,-210
1345,Umbry,1366,1790,33.3%,3 - 6,-384,9,+228,-177
1346,President Evil,1364,1559,25.0%,2 - 6,-386,8,+235,-189
1347,Yazid,1359,1632,28.6%,2 - 5,-441,7,+140,-202
1348,Zombie,1358,N/A,0.0%,0 - 2,-392,2,-,-199
1349,Ali (USA),1355,1602,44.4%,6 - 4,+148,72,+268,-187
1350,Luckyo,1348,1483,33.3%,3 - 6,-402,9,+124,-192
1351,Gaelounet,1344,1344,20.0%,1 - 4,-406,5,+158,-219
1352,Mickey,1344,2485,45.3%,2 - 8,-740,75,+254,-182
1353,Kotaro,1342,2190,7.7%,1 - 9,-1204,13,+5,-275
1354,Hi_into,1338,N/A,0.0%,0 - 2,-462,2,-,-234
1355,IsaacAren,1330,N/A,0.0%,0 - 3,-470,3,-,-200
1356,grimmothy,1328,N/A,0.0%,0 - 3,-472,3,-,-221
1357,Reggister,1328,N/A,0.0%,0 - 2,-472,2,-,-273
1358,Tyler (USA),1328,1533,39.7%,5 - 5,+373,350,+319,-203
1359,Eevee,1327,N/A,0.0%,0 - 3,-423,3,-,-195
1360,Lulu,1323,1338,0.0%,0 - 5,-427,5,-,-174
1361,Saturn,1322,N/A,33.3%,1 - 2,-428,3,+1,-252
1362,Dollix,1321,N/A,25.0%,1 - 3,-379,4,+145,-197
1363,Luis3227,1321,N/A,0.0%,0 - 2,-429,2,-,-250
1364,Whatnoww,1321,1426,14.3%,1 - 6,-479,7,+91,-172
1365,Mister,1318,1318,20.0%,1 - 4,-432,5,+8,-215
1366,Alexuny,1314,N/A,0.0%,0 - 4,-436,4,-,-168
1367,Ares,1306,N/A,0.0%,0 - 3,-444,3,-,-234
1368,GrapesChavez,1306,N/A,0.0%,0 - 3,-494,3,-,-206
1369,James (USA),1306,N/A,0.0%,0 - 2,-444,2,-,-271
1370,Sync,1306,1849,47.6%,4 - 6,-82,21,+241,-190
1371,Haxx,1302,1589,36.4%,3 - 7,-407,11,+120,-182
1372,Vast,1299,N/A,25.0%,1 - 3,-451,4,+80,-191
1373,Bunny,1298,N/A,0.0%,0 - 3,-502,3,-,-215
1374,Sarko,1298,N/A,0.0%,0 - 3,-452,3,-,-185
1375,DatSwagga,1296,1446,16.7%,1 - 5,-454,6,+82,-216
1376,Kafin,1295,N/A,0.0%,0 - 3,-455,3,-,-190
1377,Trausti,1292,1524,31.6%,5 - 5,+221,19,+237,-184
1378,Rock Dude,1289,N/A,0.0%,0 - 4,-511,4,-,-188
1379,Busdriver,1286,1443,12.5%,1 - 7,-464,8,+163,-157
1380,Jati,1286,1323,27.3%,3 - 7,-457,11,+185,-192
1381,Skyheed,1284,1445,33.3%,3 - 7,-468,12,+234,-222
1382,Jair,1283,1445,33.3%,4 - 6,-152,12,+237,-280
1383,Reddo,1280,2211,44.7%,4 - 6,-222,38,+151,-221
1384,Totoanin,1280,N/A,0.0%,0 - 3,-470,3,-,-191
1385,Alfredo,1276,1379,28.6%,2 - 5,-374,7,+67,-214
1386,Jazz,1259,N/A,25.0%,1 - 3,-441,4,+118,-194
1387,Tritri,1257,1368,14.3%,1 - 6,-543,7,+27,-174
1388,Chommpy,1245,N/A,0.0%,0 - 3,-505,3,-,-198
1389,Matail,1243,N/A,0.0%,0 - 4,-507,4,-,-162
1390,SK Brandon,1234,1234,0.0%,0 - 5,-566,5,-,-169
1391,Glorii,1233,N/A,0.0%,0 - 4,-517,4,-,-175
1392,Dvegas,1229,N/A,0.0%,0 - 4,-521,4,-,-203
1393,EpicSuperGuy,1228,1565,25.0%,2 - 6,-472,8,+88,-185
1394,Derek,1222,1266,25.0%,2 - 6,-528,8,+108,-152
1395,Jon Dog,1200,1200,0.0%,0 - 5,-550,5,-,-150
1396,Shini,1199,1310,0.0%,0 - 6,-551,6,-,-134
1397,KR Yoda,1198,1545,23.1%,1 - 9,-523,13,+192,-187
1398,Italic,1194,1453,27.8%,4 - 6,+126,18,+185,-172
1399,Mel,1194,1750,33.3%,2 - 4,-556,6,+94,-252
1400,Fluency,1193,N/A,0.0%,0 - 3,-557,3,-,-239
1401,Hermes,1186,1389,43.9%,5 - 5,+10,41,+254,-210
1402,Michael,1182,1802,27.3%,2 - 8,-593,11,+180,-166
1403,Shadow,1180,1644,52.3%,6 - 4,-184,44,+258,-228
1404,Rhafa,1179,1332,14.3%,1 - 6,-571,7,+47,-142
1405,StillOP,1179,N/A,0.0%,0 - 3,-571,3,-,-290
1406,Fenn,1178,1878,26.7%,2 - 8,-522,15,+177,-177
1407,Tarma,1178,N/A,0.0%,0 - 4,-472,4,-,-180
1408,Nevanator2005,1169,N/A,0.0%,0 - 4,-581,4,-,-219
1409,alejandrobnk7,1160,N/A,0.0%,0 - 3,-590,3,-,-209
1410,Cuky,1158,1303,39.1%,6 - 4,+280,23,+187,-205
1411,ReN,1137,1698,29.4%,3 - 7,-367,17,+149,-169
1412,Antoine,1134,1760,14.3%,1 - 6,-566,7,+93,-180
1413,GHOSTJOEKR,1134,1134,20.0%,1 - 4,-266,5,+127,-174
1414,Floro,1133,1210,14.3%,1 - 6,-617,7,+43,-186
1415,Halley,1126,1648,16.7%,2 - 8,-413,12,+110,-164
1416,Vizi,1108,N/A,0.0%,0 - 4,-592,4,-,-245
1417,Dylan49,1102,1655,28.6%,2 - 8,-385,14,+168,-204
1418,Zenon,1099,N/A,0.0%,0 - 3,-551,3,-,-233
1419,MKAlster,1095,1869,16.7%,1 - 5,-705,6,+119,-187
1420,Fran,1088,N/A,0.0%,0 - 4,-662,4,-,-189
1421,Borjilete,1078,1999,42.0%,5 - 5,-17,50,+228,-191
1422,jacob,1076,1413,18.2%,2 - 8,-659,11,+163,-187
1423,Harry,1069,1347,31.3%,4 - 6,-185,16,+192,-137
1424,Darky_,1067,1800,26.7%,1 - 9,-801,15,+100,-189
1425,LG Laure,1058,1353,31.3%,3 - 7,-264,16,+96,-235
1426,Sinatra,1055,1816,28.6%,2 - 5,-745,7,+65,-214
1427,Sprixy,1049,1049,16.7%,1 - 5,-751,6,+26,-191
1428,Chibis0ra,1038,1436,22.2%,2 - 7,-762,9,+36,-197
1429,Spirit,1037,1037,0.0%,0 - 6,-763,6,-,-189
1430,Asuna,1010,1334,33.3%,4 - 6,-319,15,+131,-189
1431,ZeKirio,1008,1008,20.0%,1 - 4,-742,5,+54,-218
1432,Kizu,1005,1750,20.0%,1 - 4,-745,5,+72,-252
1433,SquidBits,1005,N/A,0.0%,0 - 4,-645,4,-,-213
1434,Fruitz,1004,1325,45.9%,6 - 4,+124,37,+256,-200
1435,Xavier,1004,1074,0.0%,0 - 8,-746,8,-,-168
1436,Seto,997,1062,0.0%,0 - 6,-753,6,-,-212
1437,Roger,994,994,0.0%,0 - 5,-706,5,-,-193
1438,LWCow,985,1429,22.2%,2 - 7,-765,9,+30,-185
1439,m0rt,979,1085,12.5%,1 - 7,-771,8,+220,-193
1440,Popuko,978,1653,28.6%,2 - 8,-851,14,+90,-187
1441,Kraz,976,1217,25.0%,5 - 5,+94,20,+176,-157
1442,Shiryu,974,1665,20.0%,2 - 8,-726,10,+94,-200
1443,Scud_buster,966,N/A,0.0%,0 - 4,-734,4,-,-219
1444,Foxai,943,1028,42.2%,5 - 5,+279,173,+319,-227
1445,Miaghost,937,1270,31.8%,4 - 6,-222,22,+227,-175
1446,Pedro,927,1474,25.0%,2 - 8,-847,12,+149,-180
1447,Chikara,917,1623,20.0%,2 - 8,-833,10,+106,-172
1448,Adriiportu,916,1127,29.4%,5 - 5,+174,17,+235,-232
1449,Xennxo,915,1445,16.7%,1 - 9,-913,12,+180,-195
1450,Tack,908,3316,17.2%,0 - 10,-1082,29,+207,-244
1451,Lion,888,1740,40.9%,5 - 5,-300,22,+155,-190
1452,Tuck,879,1029,14.3%,1 - 6,-871,7,+27,-177
1453,Lemmyz,877,877,0.0%,0 - 6,-873,6,-,-206
1454,Danii,870,1095,0.0%,0 - 7,-880,7,-,-228
1455,Bryant,865,884,33.3%,3 - 6,-610,9,+101,-222
1456,LizardLips,854,854,0.0%,0 - 5,-796,5,-,-190
1457,MKIcee,837,1414,25.0%,2 - 6,-813,8,+16,-200
1458,Dman,833,1651,18.2%,2 - 8,-868,11,+78,-164
1459,Kaezen,826,1124,11.1%,1 - 8,-724,9,+150,-155
1460,Nash,817,981,0.0%,0 - 7,-933,7,-,-199
1461,Bohdi,812,974,16.7%,1 - 5,-938,6,+14,-238
1462,XxShadowxX,811,1171,22.2%,2 - 7,-789,9,+117,-175
1463,Electric,799,1590,36.6%,2 - 8,-440,41,+242,-190
1464,CJ,797,927,0.0%,0 - 6,-953,6,-,-210
1465,LegendTitan,789,1868,35.4%,4 - 6,-237,65,+246,-215
1466,Mimi,785,1242,32.3%,6 - 4,+622,31,+226,-189
1467,Floki,784,1670,33.1%,6 - 4,+461,118,+236,-193
1468,Timkario,783,1514,23.3%,3 - 7,-183,30,+190,-201
1469,IronNP,781,1750,0.0%,0 - 5,-819,5,-,-215
1470,Alpha (USA),780,971,0.0%,0 - 6,-770,6,-,-191
1471,Acuiasa,777,1158,12.5%,1 - 7,-1023,8,+20,-203
1472,TeeZee,766,1106,40.3%,6 - 4,+203,77,+294,-204
1473,Miakx,764,1471,18.2%,1 - 9,-1046,11,+148,-215
1474,javiere10o,744,1021,11.1%,1 - 8,-1056,9,+94,-203
1475,MawCarby,736,3008,41.7%,2 - 8,-177,132,+261,-205
1476,Ace Bullet,726,1156,0.0%,0 - 8,-1074,8,-,-198
1477,Foxy,721,1827,36.1%,4 - 6,-190,36,+228,-190
1478,Flashnight,711,1492,38.5%,4 - 6,-396,26,+204,-189
1479,TylerZ,711,1284,34.6%,3 - 7,-248,26,+182,-167
1480,Chago,710,1019,10.0%,1 - 9,-1040,10,+100,-213
1481,Jeyjey,709,1149,10.0%,1 - 9,-1041,10,+19,-176
1482,Yasu,685,1408,22.2%,3 - 7,-394,18,+177,-177
1483,Waweegee,684,1047,28.6%,3 - 7,-703,14,+131,-170
1484,Gucci (USA),668,1206,16.7%,2 - 8,-846,12,+67,-161
1485,Magic,666,1287,39.5%,4 - 6,-88,114,+292,-204
1486,Ekaabii,652,1325,0.0%,0 - 10,-874,11,-,-152
1487,Jotabe90,646,1364,17.6%,2 - 8,-627,17,+130,-167
1488,Corona,640,1054,0.0%,0 - 8,-1160,8,-,-213
1489,Jaggy,633,1667,26.7%,2 - 8,-934,15,+172,-194
1490,LucaFoquita,633,1750,36.8%,5 - 5,+30,19,+227,-198
1491,Henry,626,1771,35.3%,4 - 6,-491,17,+126,-208
1492,Divine,606,1427,31.6%,3 - 7,-669,19,+110,-191
1493,Carlitos,597,1168,9.1%,1 - 9,-1035,11,+66,-203
1494,Draceon,596,1033,12.5%,1 - 7,-954,8,+3,-237
1495,Milesgamer,596,1187,33.3%,4 - 6,-591,15,+81,-203
1496,Xavier (USA),593,1157,8.3%,1 - 9,-797,12,+69,-226
1497,Carlie,585,1090,10.0%,1 - 9,-1165,10,+15,-195
1498,Menma,554,1196,0.0%,0 - 10,-1193,11,-,-166
1499,Tugboat,546,1263,23.8%,3 - 7,-415,21,+170,-187
1500,Mijuto,543,1699,33.3%,5 - 5,+75,33,+189,-180
1501,Hunty,541,1236,39.1%,4 - 6,-323,23,+155,-204
1502,Cappy,539,1039,40.6%,8 - 2,+645,101,+307,-200
1503,GreenMK87,521,1432,28.6%,3 - 7,-847,14,+122,-216
1504,Charmender,514,1092,0.0%,0 - 8,-1186,8,-,-221
1505,Zerrtz,513,688,0.0%,0 - 7,-1187,7,-,-230
1506,Min,510,3101,37.2%,2 - 8,-860,78,+207,-226
1507,priketu,505,2903,39.6%,2 - 8,-503,101,+192,-239
1508,Semako,503,837,0.0%,0 - 10,-1147,10,-,-216
1509,Online,485,1841,36.0%,2 - 8,-638,25,+174,-232
1510,Melvyn,484,3332,29.3%,3 - 7,-389,41,+193,-247
1511,Javi01,461,2585,28.3%,3 - 7,-79,53,+256,-256
1512,Alfon2005,460,1060,0.0%,0 - 10,-1001,12,-,-220
1513,Cody,415,1144,10.0%,1 - 9,-1335,10,+18,-223
1514,Gity,402,1644,42.7%,2 - 8,-724,124,+281,-179
1515,Swagalee,396,3321,27.3%,4 - 6,+395,77,+307,-204
1516,SpicyBomb,379,1442,13.3%,1 - 9,-1013,15,+174,-206
1517,Derpy,378,1034,0.0%,0 - 10,-1122,10,-,-171
1518,kevathlete,360,1603,0.0%,0 - 8,-1290,8,-,-216
1519,RCP,358,1320,23.5%,3 - 7,-555,17,+72,-204
1520,YoshiKart64,329,1278,30.8%,5 - 5,+89,52,+231,-212
1521,Taylorxx,308,1260,7.1%,0 - 10,-1147,14,+40,-195
1522,Mees,286,1003,11.8%,1 - 9,-617,17,+229,-189
1523,Bk,272,995,9.1%,1 - 9,-1349,11,+83,-185
1524,Dartik,247,1052,22.2%,2 - 8,-721,18,+193,-234
1525,Oskour,241,1454,26.9%,3 - 7,-512,26,+136,-173
1526,Axel (BPA),206,920,30.5%,4 - 6,-197,59,+224,-219
1527,elmeromg,190,920,9.1%,1 - 9,-1528,11,+48,-220
1528,Joelarielg,181,1041,19.0%,3 - 7,-355,21,+287,-182
1529,Cherrytendo,164,1101,17.4%,4 - 6,-65,23,+113,-164
1530,Joe,164,1636,35.2%,4 - 6,-172,128,+284,-182
1531,Millenium,110,2657,19.4%,1 - 9,-961,31,+155,-225
1532,Sweq32,103,823,7.1%,1 - 9,-928,14,+128,-212
1533,Eliaan,101,1060,12.5%,1 - 9,-724,16,+119,-273
1534,Ceci,87,1262,30.0%,3 - 7,+86,50,+223,-193
1535,MATUS,39,3348,25.8%,2 - 8,-12,97,+255,-199
1536,Bebz,1,1177,27.8%,2 - 8,-300,36,+120,-208
1537,Electrio,1,1198,27.6%,4 - 6,-87,29,+216,-219
1538,Fal,1,1750,23.1%,4 - 6,+0,52,+241,-200
1539,Geno,1,1070,23.1%,3 - 7,-386,26,+210,-211
1540,Geo k,1,1210,8.3%,2 - 8,+100,36,+108,-216
1541,Guito,1,1280,30.2%,1 - 9,-479,63,+227,-184
1542,Hazen,1,1858,37.9%,2 - 8,-790,319,+312,-200
1543,Impa,1,2653,0.0%,0 - 10,-1256,23,-,-205
1544,InklingDoMacaco,1,1036,19.0%,3 - 7,-65,21,+145,-217
1545,jogn,1,1528,5.6%,0 - 10,-1085,18,+177,-207
1546,Kevin (BEL),1,957,4.8%,1 - 9,-416,21,+91,-191
1547,Kirito,1,565,5.6%,0 - 10,-981,18,+36,-157
1548,Knee,1,1750,0.0%,0 - 10,-989,16,-,-211
1549,Lucas,1,940,4.5%,1 - 9,+0,22,+104,-215
1550,MegaJkeezy,1,1495,23.8%,2 - 8,-772,21,+37,-206
1551,MKIbrahim,1,1711,31.7%,5 - 5,+56,41,+216,-217
1552,mss,1,1337,8.8%,0 - 10,-73,34,+94,-182
1553,Nicky's,1,1551,5.9%,0 - 10,+0,34,+147,-199
1554,Nicole,1,1061,20.2%,2 - 8,-11,89,+275,-200
1555,Red (CAN),1,1304,26.9%,1 - 9,-289,26,+196,-195
1556,Ryderles2d,1,956,6.7%,0 - 10,-1205,15,+90,-200
1557,TheProcess,1,1304,5.3%,1 - 9,-727,19,+126,-197
1558,vSurge,1,956,21.7%,3 - 7,-465,23,+93,-204
1559,Sbug,1052,1695,37.8%,2 - 8,-590,37,+211,-175
1560, ,,,,,,,,
1561, ,,,,,,,,
1562, ,,,,,,,,
1563, ,,,,,,,,
1564, ,,,,,,,,
1565, ,,,,,,,,
1566, ,,,,,,,,
1567, ,,,,,,,,
1568, ,,,,,,,,
1569, ,,,,,,,,
1570, ,,,,,,,,
1571, ,,,,,,,,
1572, ,,,,,,,,
1573, ,,,,,,,,
1574, ,,,,,,,,
1575, ,,,,,,,,
1576, ,,,,,,,,
1577, ,,,,,,,,
1578, ,,,,,,,,
1579, ,,,,,,,,
1580, ,,,,,,,,
1581, ,,,,,,,,
1582, ,,,,,,,,
1583, ,,,,,,,,
1584, ,,,,,,,,
1585, ,,,,,,,,
1586, ,,,,,,,,
1587, ,,,,,,,,
1588, ,,,,,,,,
1589, ,,,,,,,,
1590, ,,,,,,,,
1591, ,,,,,,,,
1592, ,,,,,,,,
1593, ,,,,,,,,
1594, ,,,,,,,,
1595, ,,,,,,,,
1596, ,,,,,,,,
1597, ,,,,,,,,
1598, ,,,,,,,,
1599, ,,,,,,,,